row_index,fold,y_true,y_score
0,1,0,0.18773046764535528
1,5,0,0.0009195379903266949
2,5,0,0.02581481266177858
3,4,0,0.36529317088015456
4,2,0,1.84723299827661e-05
5,3,0,1.0470296549373897e-05
6,5,0,0.0007300631389065875
7,2,0,0.030208214173050956
8,1,1,0.13784162405780626
9,3,0,0.2204886932356711
10,2,0,0.00018182784831740264
11,3,0,0.0013104360410525627
12,3,0,0.0003620871282660364
13,4,0,0.060577571921479334
14,4,0,0.0023886620627810063
15,1,0,0.00019448696207088594
16,3,0,1.0317641995202654e-05
17,5,0,0.007719564201834882
18,4,1,0.008166499650085984
19,1,0,8.587092030537382e-05
20,1,1,0.3166716095545063
21,4,0,0.0006607067898879996
22,2,0,0.011619626493621823
23,2,0,0.05741439693177892
24,2,0,0.019787736477077322
25,4,0,0.01580234114818122
26,4,0,0.04794278515714863
27,4,0,0.004005992835262349
28,3,1,0.3809716572582652
29,2,0,0.00016886216732258597
30,5,0,0.011731081695473263
31,4,0,0.00016096393907214058
32,2,0,0.16938955470027173
33,5,1,0.896538799192642
34,4,0,0.034571663586275635
35,5,0,0.0008515632226223385
36,1,1,0.9677392824106071
37,3,0,0.00031860856575840894
38,1,0,0.3240792295031137
39,4,0,0.07680249789280891
40,3,1,0.3883008704290535
41,4,0,0.0005290132827730668
42,5,0,0.00016136954436304357
43,4,0,0.9346276597344522
44,2,0,0.5370704958599151
45,3,1,0.2556905905282574
46,4,0,0.056191092635472645
47,2,1,0.9689273331885334
48,1,0,0.06708309828966583
49,1,0,0.029508019739462255
50,1,0,0.072010786100683
51,4,0,0.051543699642440155
52,4,0,0.0015649429629493302
53,2,0,0.001674208992628071
54,3,0,0.3955613744592785
55,2,0,0.002916489949284725
56,4,0,0.0009440801711224581
57,4,1,0.34487901019381817
58,4,0,0.03148650767894949
59,1,0,0.30946620082557075
60,3,0,0.0007681580821116867
61,4,0,0.12651534173069187
62,3,0,0.37369626990755944
63,4,1,0.48579631175494403
64,3,1,0.42492599986264595
65,5,0,0.02541887423170294
66,1,0,0.1511169887377709
67,5,0,0.003935389242871055
68,1,0,0.048415845369736685
69,1,0,0.11568431516710702
70,1,0,0.10267789570352734
71,2,0,8.127404355186475e-05
72,3,0,0.00023826675321652938
73,1,0,0.0007039305313909207
74,5,0,0.0030828071901104685
75,3,0,0.003214509731962095
76,4,0,0.06481405912250705
77,2,0,0.013462895276301075
78,5,0,0.0382011551513208
79,1,0,0.0017725957611284672
80,4,0,0.02375507197046291
81,5,0,0.0034893950639839893
82,1,1,0.46685147561131385
83,5,0,0.06132630198420121
84,4,0,0.04597256800059198
85,4,0,0.031580155560895266
86,5,1,0.9718767110708845
87,2,0,0.029425097164874514
88,2,0,0.016307581446668374
89,5,0,0.04671122039038693
90,4,0,0.016954607063278813
91,3,0,0.016826851997934735
92,5,0,2.4535439699342215e-05
93,1,0,0.035667607945934564
94,1,0,0.026971343826292335
95,5,0,0.0013364938919144629
96,3,0,0.13225014695155443
97,3,1,0.3783301576729251
98,2,0,0.0017769154622300476
99,3,0,0.019934580952872184
100,1,0,0.012510442420863646
101,3,0,0.016660588258278968
102,5,0,0.5164385336413254
103,2,0,8.297571988468044e-05
104,2,0,0.08190125755072446
105,1,0,0.0011435065157338424
106,3,0,0.002617118128415915
107,1,0,0.021685402292950993
108,3,0,0.007607781847416068
109,4,0,0.00032450802994342
110,3,0,0.10533375211823924
111,5,0,0.03224312841482929
112,3,0,0.2338648831026877
113,3,1,0.8774546455397924
114,1,0,0.012648238403000963
115,1,0,0.0003059216228938444
116,2,0,0.0005848536067137565
117,5,0,0.0007836396206553961
118,2,0,0.36761527493220975
119,4,1,0.20284553359978685
120,5,0,0.1000208459196848
121,2,0,0.001873343874371466
122,1,0,0.0005638192395429792
123,1,0,0.004871229370514179
124,5,0,0.0022536653205503594
125,1,0,1.613753263110578e-05
126,3,1,0.3809716572582652
127,3,0,0.018839997782798285
128,4,1,0.9186555869617368
129,4,0,0.011332813593074916
130,1,0,0.012419290628384896
131,5,0,0.0004559469749401675
132,1,0,9.177324580389448e-05
133,4,0,0.00034304278351561133
134,1,0,0.0027259519656068604
135,2,0,0.002723315527980228
136,1,1,0.9732430431698154
137,3,1,0.4383282725427989
138,3,0,0.005565892404736618
139,4,0,0.002633881524577091
140,1,0,0.01125266424121792
141,5,0,0.023025881076506646
142,5,0,0.0015956312300787574
143,3,1,0.889349174001057
144,2,0,0.0002946148072478611
145,5,0,0.000726673747220956
146,2,0,0.0029773665196470606
147,4,0,0.06033864774588896
148,1,0,0.04228838091041229
149,2,0,0.11836401446829227
150,4,0,0.003037472244840199
151,3,0,0.0162247861078249
152,1,0,0.0011455920612739594
153,1,0,0.0010651292072128282
154,2,1,0.7627350209180159
155,3,0,0.4352170969402228
156,5,0,0.057421650051931575
157,1,0,0.0011519778883252905
158,2,0,0.49729365573524376
159,3,0,0.10423640809796741
160,3,0,0.2977856635829098
161,2,0,0.08721315087970023
162,5,0,0.060947200702652436
163,4,0,0.15827907909725716
164,2,1,0.07196834979101265
165,5,0,0.00034901184941756773
166,4,0,0.8767331071247
167,2,0,0.028697623506953256
168,2,1,0.977241359366787
169,5,0,0.15858960125903157
170,3,0,0.08711572589474519
171,2,0,0.40098531023241624
172,3,1,0.4031088750879364
173,3,0,0.2320313928117648
174,1,1,0.9652150187370382
175,4,0,0.12406592315299379
176,3,0,0.02473094718613856
177,3,0,0.16326936635883582
178,3,0,0.021368245953386832
179,5,0,0.05581162685960055
180,2,0,0.3570551181647961
181,3,0,0.0010842193295637706
182,2,1,0.07234406636103437
183,5,0,0.00021828802593429233
184,5,0,0.01557096933541387
185,3,0,0.0064591378989071226
186,2,1,0.951758957086359
187,1,0,6.9827267538007655e-06
188,4,0,0.001895569200503053
189,5,1,0.5273818306451784
190,1,0,0.0017558106512967978
191,1,0,0.04017451595257609
192,2,0,0.023867437466063835
193,2,0,0.4570961910387903
194,4,0,0.014238731240198164
195,4,0,0.12459632870938622
196,1,0,0.00013262109431186816
197,3,0,0.05847992729243193
198,5,1,0.9864168527840789
199,4,1,0.4034425429720614
200,2,0,0.0016353170380923785
201,4,0,0.15685584257036284
202,2,0,0.010257664086739234
203,3,0,0.20079132717399503
204,5,0,0.00039081349728445683
205,3,1,0.973569383115428
206,1,0,0.0009088861100838947
207,2,0,0.0013155229348292032
208,5,1,0.3801568674605578
209,1,0,0.5497630118076609
210,5,0,0.20979912464743855
211,4,0,0.01798664173208528
212,4,0,0.00803262177292652
213,3,0,0.045168015020147674
214,1,0,0.0009633871804595269
215,2,0,0.005214273016869499
216,5,0,0.03937301331069559
217,2,0,0.003055132187068231
218,5,0,0.012283323011669322
219,2,0,0.0461081948150886
220,3,0,0.00017239661896286716
221,1,0,0.014218185833514153
222,2,0,0.000304811013063213
223,1,0,0.024952944080281498
224,5,1,0.020253826850493664
225,3,0,0.03516615393310302
226,5,0,0.35860953877372465
227,2,1,0.17790705266169288
228,3,1,0.42907758737251117
229,5,0,0.006906391693617083
230,5,0,0.0008234840702308508
231,3,0,0.09988507344280913
232,1,0,0.12599380515791855
233,5,0,0.19622104646601174
234,5,0,0.002427216962011539
235,1,1,0.08635697017960908
236,1,0,0.005503606184270648
237,5,0,0.00031741980205059547
238,2,0,0.20858091653065775
239,1,0,0.1778723620749122
240,5,0,0.15478844863259147
241,1,0,0.0006889614740480299
242,2,0,1.1579266710103058e-05
243,2,1,0.9825616137347017
244,3,0,0.0011468078674161091
245,2,0,1.0972765154315966e-05
246,2,0,0.34271724992743385
247,4,0,2.4799899633386705e-05
248,5,0,0.0017648252388837006
249,4,0,0.0492805329944783
250,4,0,0.045795065285994134
251,1,0,0.00012928385349301894
252,4,0,0.10932903518426992
253,2,0,0.0017592630506481643
254,5,1,0.37339953424034766
255,3,0,0.567082062554904
256,5,0,0.010430044581360706
257,1,0,0.14915128453351517
258,4,0,0.026625128666945014
259,1,0,0.0009581888029896006
260,5,1,0.9624802423065572
261,5,1,0.3962920261898736
262,1,1,0.30507084227601744
263,4,0,0.000959101206191651
264,3,0,0.021778927193603664
265,1,0,0.0007972120111038768
266,5,0,0.020949576894277885
267,1,0,0.005322466794306749
268,1,1,0.5182565620854698
269,5,0,0.00113654023871401
270,2,0,0.1257616451407294
271,5,0,0.312704644285649
272,4,0,0.012914073041347628
273,1,0,0.028319810803887832
274,4,0,9.917497705993088e-05
275,1,0,0.0009720208977868175
276,3,0,0.15655774695119823
277,4,0,0.0007221342094466865
278,2,0,0.03734030854425058
279,2,1,0.9414128364908539
280,4,0,0.0003015818857179223
281,3,0,0.022900966270864735
282,2,0,0.04233389022364413
283,2,0,0.009909896192114962
284,5,0,0.0002370694186220196
285,1,0,0.012731818102886094
286,2,0,0.030678423733228242
287,3,0,0.13812328370867727
288,4,0,0.31636624162734794
289,3,1,0.5182673268577305
290,2,0,0.00010959216115188481
291,3,0,9.11801857845166e-05
292,2,0,0.005748588999657051
293,2,1,0.03459625109331504
294,3,0,0.02074125151044006
295,5,0,0.1382699077239445
296,5,0,0.0006943591773916279
297,1,0,0.02483955949585046
298,1,0,0.2687543824054245
299,4,0,0.007575164262033517
300,1,0,0.007584545535204667
301,1,0,0.09640056066732529
302,5,0,0.10435527478277243
303,4,0,0.040608829923474324
304,3,0,0.0011712455452986697
305,2,0,0.10712765045678792
306,3,0,0.2993689347448832
307,5,0,0.0026690495061359597
308,4,1,0.976897105746524
309,3,0,0.07199533548546569
310,3,0,0.44067169215766866
311,1,0,0.015153801728417187
312,2,0,0.42449831307117936
313,3,0,0.032146726889655516
314,2,0,0.0009810024457874952
315,1,0,0.021145235349433578
316,4,0,0.0003716954025265712
317,2,1,0.9541171114641921
318,3,0,0.001153594412455475
319,3,0,0.016874668399883913
320,4,0,0.001758032298489414
321,5,0,0.0708682806007582
322,4,1,0.27916092470164716
323,2,0,0.22742943112714006
324,4,0,0.0022614927025286103
325,3,0,0.002284202999620344
326,1,0,0.00019572469660906003
327,2,0,0.5373419119347216
328,1,1,0.9226677039396367
329,2,0,0.015724595115514793
330,4,0,0.0001639089110492987
331,5,0,0.002592018799569721
332,3,0,0.00226933162220544
333,5,0,0.04150206539538799
334,3,0,0.012164804142876242
335,3,0,0.01166944789852815
336,1,0,0.0023643805235972204
337,4,0,0.00021585862255444471
338,1,1,0.44546235054687067
339,4,0,4.301895404631695e-05
340,1,0,0.09351627443472711
341,5,0,0.12438152359809836
342,3,0,0.000913358564115778
343,4,0,0.32309508386723707
344,1,0,0.06515657111150787
345,3,1,0.787118852448019
346,1,1,0.4964444586027835
347,3,0,0.04306515819599989
348,2,0,0.183017768337451
349,5,0,0.11465057729154117
350,4,0,0.00030562150052944787
351,4,1,0.4498316022106598
352,5,0,0.17938097842522688
353,2,0,0.002895333344081697
354,4,1,0.4540559570118308
355,5,0,0.00125713306695416
356,4,0,0.46457371729393576
357,2,0,0.15085045772079034
358,2,0,0.0013002943998851727
359,2,0,0.02732913016706356
360,5,0,0.005375758144323567
361,2,0,0.18687912359426387
362,3,0,0.026944369553027685
363,5,0,0.029032238833500874
364,5,0,0.0010372673145960525
365,3,0,0.001153594412455475
366,3,0,0.24932356010056744
367,1,1,0.30473614961028805
368,5,0,0.37543515619568013
369,2,0,0.0023164748131625224
370,2,0,0.01264578388790229
371,5,0,0.0014876321481300044
372,5,1,0.9865939065789635
373,3,1,0.3036453312207639
374,1,1,0.9168216390324699
375,2,1,0.9547287668098439
376,2,0,0.025116538915837115
377,4,0,0.2405606620090011
378,4,0,0.0008039781500864779
379,4,0,0.4585245837838601
380,1,0,0.2287906095910257
381,3,0,0.005909167079517269
382,2,0,0.0005426039722749614
383,2,0,0.001003365847482855
384,5,0,0.036545329223301115
385,5,0,0.0023232224849779907
386,2,0,5.1810315327753885e-05
387,3,0,0.0001748442263514478
388,1,0,0.015285398383254645
389,5,1,0.18677058501429541
390,2,0,0.0032115867799194834
391,4,0,0.0015203087860108922
392,5,0,0.5940919965249817
393,2,0,0.12169042841061299
394,3,0,0.11824284833463801
395,5,0,0.05776039911772008
396,3,0,0.05589269379374449
397,3,1,0.42253809649611396
398,5,0,0.4304919338786865
399,2,0,0.3929573064044786
400,2,0,0.0009637817619795312
401,3,0,0.0004658225854220268
402,2,0,0.22243420157125895
403,4,0,9.94375431387071e-05
404,4,0,0.0009218314971606494
405,3,0,0.011870432441096028
406,5,1,0.479819686304236
407,1,0,0.000509851905943241
408,5,0,0.0005616559731559154
409,1,0,0.4015417250019777
410,1,0,0.03340305291117318
411,1,0,0.0009008324842072489
412,3,1,0.32107673200326636
413,4,0,0.007251945599955888
414,4,0,0.0072396054175207615
415,3,0,0.007111865267718453
416,5,0,0.000726024420989285
417,3,0,0.02045403525833585
418,5,0,0.33246165584456006
419,5,0,0.001161310726227172
420,1,0,0.004577528253706735
421,4,0,0.0015565471597474092
422,5,0,0.4355315433315104
423,2,0,1.3270458097350431e-05
424,4,0,0.0004782759531584071
425,3,0,0.006493258123617602
426,5,0,0.0004025994602571657
427,5,0,0.009190980764049027
428,3,0,0.16375738097665993
429,4,0,0.04597256800059198
430,4,0,0.032407102118626185
431,3,0,7.694598723543983e-05
432,4,0,0.030411174166899698
433,1,0,0.2115913523503643
434,3,1,0.4167677624369482
435,2,1,0.45688976820559435
436,1,1,0.20406169433344398
437,5,0,0.00052003021979113
438,4,0,0.009265767688015018
439,1,0,0.9651035303900575
440,4,0,0.02094738646462039
441,1,1,0.9368523897382444
442,5,0,0.012982821772733069
443,1,0,0.028154493501949405
444,4,0,0.36769423099604576
445,3,0,0.00016722484707543388
446,5,1,0.9928171145636073
447,3,0,0.6842083806893073
448,1,1,0.021176199929136694
449,3,1,0.22782373700446823
450,3,0,0.09620395400632684
451,5,0,0.10565422723250419
452,2,0,0.0014214766805942603
453,3,0,0.1396549642228541
454,4,0,0.15673727514679306
455,3,0,0.012466395503002657
456,4,0,0.0051262719940598275
457,3,0,0.15917184613766522
458,3,0,0.33113203217753745
459,3,0,0.6288819291434912
460,5,0,0.002108229425940718
461,1,0,0.012308094184277061
462,1,0,0.007117065170149532
463,3,0,0.40627617806056926
464,5,0,0.0016357733757771983
465,4,0,0.1871137377825594
466,2,1,0.9747646956317926
467,1,1,0.9910906440716124
468,1,0,0.00044949875945972373
469,3,0,0.5716851351692073
470,1,1,0.5309551496406488
471,1,0,0.18231101675838457
472,4,0,0.028142004312770644
473,1,0,0.02558253265951431
474,1,0,0.022487698257609746
475,3,0,0.0627799949195895
476,1,0,0.057867815984658094
477,2,0,0.00261546946192238
478,2,1,0.3374255796408091
479,3,0,0.00024908699378945316
480,5,0,0.15043852861484042
481,2,0,0.002948303372165649
482,2,0,0.1610796270425053
483,5,0,0.002427216962011539
484,1,0,0.0028788751206161225
485,1,0,0.007696795470926264
486,5,0,0.04487805660371391
487,3,0,0.002579631361646565
488,3,0,0.005247291085241657
489,3,0,0.0007666457889452377
490,1,0,0.020574584151454432
491,3,0,0.036019879289611964
492,3,0,0.0024154793615878776
493,5,0,0.9036671732653703
494,3,1,0.2246638805822189
495,1,0,0.9233439238450052
496,3,0,0.0026688657133021685
497,5,0,0.018717245091356458
498,2,0,0.2540621847189245
499,4,0,0.00015189744671438403
500,5,1,0.9697887749864177
501,5,0,0.0008699289967714502
502,2,0,0.002267703938610634
503,4,0,0.0383270195901313
504,1,0,0.036457993902199705
505,2,0,0.003750528898033947
506,5,0,0.03517477469993007
507,1,0,0.9102322424173366
508,5,0,0.0004745226670714061
509,3,0,0.03176482656093643
510,4,0,0.0038251186356739815
511,4,0,3.391975729766793e-05
512,5,0,0.3968854215415225
513,5,0,0.0006573851216934598
514,1,0,0.010717528290223934
515,1,0,0.00026619578580022583
516,4,0,0.00336689944665432
517,3,0,0.0010323871049977098
518,4,0,0.03281041486185033
519,5,1,0.1418966428903491
520,1,0,0.09823422463142863
521,2,0,0.082732707062593
522,3,0,0.15755246673885126
523,1,0,0.0004392378588039115
524,4,0,0.10619294274913568
525,2,0,0.0005121668537417612
526,2,0,0.06121612816266147
527,5,0,0.01938704914282133
528,3,0,0.1374945665108954
529,3,0,0.006597627072718064
530,4,0,0.4609444038064111
531,5,0,0.020156840215798045
532,2,0,0.0020531345557009877
533,3,0,0.06457560218354222
534,1,0,0.01547446239671292
535,4,0,0.00083438354849623
536,2,0,0.011663251853128779
537,2,0,0.015742073587032886
538,1,0,0.1992619370241691
539,3,0,0.004846307131931822
540,1,0,0.03903455278661456
541,1,0,0.17343621110750862
542,5,0,0.018061101911820577
543,2,0,0.32859017219839876
544,2,0,0.2026964290539683
545,1,0,0.077663121954038
546,2,0,3.393364598788816e-05
547,5,0,0.3647406142019053
548,2,0,0.33928024695315034
549,4,0,0.004060950538910718
550,2,0,0.02112995877806966
551,1,0,0.02024928301165076
552,2,0,1.8096286243330414e-05
553,3,1,0.2713105756229921
554,5,0,0.10649084543169798
555,1,0,0.00015982542808101386
556,3,0,0.00024334418376724203
557,4,0,0.0040486468475796076
558,2,0,0.03853463732697606
559,2,0,0.003241059128245167
560,3,0,0.5019248798073574
561,1,1,0.9694481181806363
562,5,1,0.976673908743471
563,4,0,0.9240200278799239
564,2,0,0.009560434600126321
565,3,0,0.912601260566056
566,3,1,0.41298934730115944
567,4,1,0.9795444030524718
568,5,0,0.009380218585351612
569,5,0,0.0011027387519333218
570,2,0,0.0008986328888800982
571,2,0,0.006714621247794982
572,5,0,0.0007603740781370089
573,1,0,0.27460023839227954
574,1,0,0.0121637572401426
575,4,0,0.4110639172071413
576,4,0,0.025025555429899385
577,1,0,0.001864829924657094
578,2,1,0.33791409556680224
579,3,1,0.6199796752075819
580,1,0,0.40672098554511626
581,2,0,0.005329570165249648
582,1,1,0.2037332559895431
583,2,0,0.0077940748233337204
584,1,0,0.03394402749528217
585,1,0,0.0009556490218060071
586,2,0,0.0032962177824677266
587,4,0,0.0013162827804074693
588,2,0,5.740883455211831e-05
589,5,0,0.055180334789624384
590,1,0,0.014375950082753443
591,2,0,0.011097676235418186
592,5,0,0.02584261975319734
593,4,0,0.04428242690683737
594,3,0,8.922360838110183e-05
595,4,0,0.011254884334898348
596,1,0,0.1766484022258629
597,4,0,0.000810514826349171
598,3,0,0.03462924992064144
599,4,0,0.00036762655184746434
600,4,0,0.41416346263857023
601,2,0,0.0019563836530969627
602,2,0,0.0002783699615854414
603,4,0,0.0032347534542488537
604,1,0,0.0010220916197380802
605,3,0,0.0003182458992519239
606,4,1,0.3411832733961223
607,5,0,0.11729477865903047
608,4,1,0.13405541691140285
609,1,0,0.00020053172764781185
610,5,0,0.027812862539969143
611,2,0,0.007021967289204599
612,1,0,0.07023292020493303
613,5,0,0.003642994106632164
614,5,0,0.3140416748453477
615,5,0,0.01735972616722904
616,1,0,0.03845454144719971
617,4,0,0.01987713350280887
618,1,0,0.47712245219549393
619,4,0,6.198493929901423e-05
620,1,0,0.0004796996912921074
621,2,0,0.2639103213713791
622,2,0,0.36911612307144714
623,2,0,0.0020921805209800663
624,1,0,5.249416390761092e-05
625,1,0,0.0511362446106909
626,1,0,0.41258101252903934
627,1,0,0.01885073594202388
628,4,0,0.11934511120537038
629,5,0,0.0080537696592378
630,5,0,0.2419566607791241
631,4,0,0.08524305968572958
632,4,0,0.0023995131530161013
633,2,0,0.006213533582728016
634,2,0,0.0023047900166844604
635,5,1,0.9814270726443752
636,2,1,0.24854956670840858
637,3,0,0.14351461468366994
638,3,1,0.32868241447797664
639,4,0,0.00019452095992821762
640,5,0,0.0008037419159322842
641,4,0,0.0008427920252520914
642,4,0,0.45873290237690645
643,5,0,0.0005247566480743838
644,4,1,0.3118444295930625
645,3,1,0.2139699765630546
646,2,0,0.38683624461967603
647,5,0,0.0010476848477951799
648,2,0,0.005926891473364574
649,3,0,0.01178695033906133
650,5,0,0.47181611323855616
651,5,0,0.18564841816111038
652,5,0,0.009026217705209979
653,5,1,0.5716184321114933
654,4,0,0.0015921882702041384
655,4,0,0.46215857990185044
656,2,0,0.0551523451134028
657,1,0,0.22483961098007044
658,5,1,0.9698990713182651
659,2,0,0.44788222531922167
660,5,0,0.0005691961100941056
661,5,1,0.1416319567387487
662,5,1,0.13529379078340012
663,5,0,0.04322676384716389
664,5,0,0.007548014728983821
665,3,0,0.014686722192468289
666,3,0,0.6801211808233524
667,4,0,0.01965727789629951
668,4,0,0.007230336656570833
669,2,0,0.12024314133756278
670,5,0,0.01313718612158839
671,1,0,0.007028292620269749
672,2,0,0.002540922836304291
673,3,0,0.004357766506927775
674,2,0,0.1181233463998596
675,3,0,0.23043930168590673
676,3,0,0.2624487230510625
677,1,0,0.016229708951518432
678,1,0,0.001873409616411876
679,4,0,1.9205244371700708e-05
680,1,0,0.059063300549988824
681,1,1,0.12322771895717587
682,5,0,0.0007400403162311414
683,3,0,0.23230848129787918
684,2,1,0.9616155168577245
685,4,0,0.000257996549762437
686,1,0,0.10825973878763775
687,3,0,0.0006773372399125926
688,1,0,0.0001601378826111496
689,2,1,0.6050546012087797
690,2,0,0.03661491790708514
691,4,0,0.17186225567946656
692,1,0,0.0002345236470507632
693,5,0,0.2856700842939197
694,1,0,0.0009710360398630282
695,1,0,0.46193216310272556
696,4,0,1.6535281905622998e-05
697,2,0,0.0009127669169847236
698,1,1,0.9629151109202875
699,5,1,0.9672295204590589
700,1,0,0.4293027759175223
701,1,0,0.00012328215071710866
702,2,0,0.021394132805003924
703,5,0,0.0019056159419693277
704,2,0,0.006477452579642355
705,2,0,0.00020706541688242852
706,1,0,0.20595226535554365
707,1,0,0.017935981797556563
708,5,1,0.9619496706427138
709,4,0,0.24959225963725815
710,1,0,0.0006926928730511137
711,1,0,0.0013223902448616129
712,5,0,0.5982165190135876
713,4,0,0.0003368867321532565
714,3,1,0.9679514110294488
715,1,0,0.0001806247440093961
716,5,0,0.3878190325750015
717,4,0,0.01437241495869029
718,2,0,0.00025331950254510243
719,5,0,0.11866902874149791
720,2,0,0.12948031948801125
721,5,0,0.015604016749763729
722,4,0,0.0004926621758165133
723,4,0,0.08907639407027107
724,5,0,0.0046418281786367276
725,5,0,0.0008339882704984823
726,2,0,0.026888929909083065
727,3,0,0.07635125866966387
728,4,0,0.3840635717596464
729,1,0,0.00030955165682643664
730,1,0,0.029563109451535886
731,2,1,0.1645456200869959
732,5,0,0.0008734417984801715
733,4,0,0.13403539669905434
734,1,0,0.00013208693107805033
735,2,0,0.002643538369600247
736,5,0,0.009237963203697302
737,1,0,0.05060498252698562
738,2,0,0.02588268269493141
739,3,1,0.3958168375097586
740,1,0,0.021843309661124386
741,2,0,0.0024954429641146545
742,5,0,0.0019400892559124792
743,4,0,0.0008199819190334542
744,5,0,0.0005752753232289515
745,2,1,0.4439968149965491
746,1,0,0.026231266669274896
747,1,0,0.03181716921553062
748,3,1,0.34703248711293494
749,2,0,0.007527166585091799
750,5,0,0.35689512862041356
751,5,1,0.15754715095297994
752,3,1,0.3956809571890313
753,2,0,0.11292472094249911
754,5,0,0.013813384304562946
755,2,0,0.04457424386659423
756,5,0,0.005580075591184119
757,1,0,0.000532103769813496
758,3,0,0.0014331726384326964
759,4,0,5.344916776149205e-05
760,3,0,0.009508172694360828
761,4,0,0.07883156677306913
762,1,1,0.2930526931264348
763,1,0,0.012309561957706298
764,3,1,0.9676400686302815
765,3,0,0.0010816560372197907
766,3,0,0.0005974102813425382
767,5,0,0.10565422723250419
768,5,0,0.4324817518229914
769,2,0,0.38575806394821094
770,2,0,0.008228555461424416
771,5,0,0.000649833489592034
772,3,0,0.002139725038440506
773,2,0,0.0002999238234176478
774,1,1,0.9589071050189198
775,5,0,0.013552530213388321
776,1,0,0.008823016839365315
777,4,0,0.00418523972800858
778,3,0,0.6247541448090129
779,3,0,0.002133007222437093
780,3,0,0.0006745642375381861
781,4,0,0.0019176449109231622
782,4,1,0.9886410232930207
783,3,0,0.0013276884536819512
784,2,0,0.18895543967015832
785,5,0,0.038671944481822235
786,4,0,0.07185088965519776
787,4,0,0.021665683179385373
788,4,0,0.0010592292757904914
789,4,0,0.0008197847787871726
790,2,0,0.4780135381920002
791,1,0,0.0030881423389982603
792,4,1,0.16737599027155206
793,4,0,3.899842328776751e-05
794,1,0,0.11872984118969743
795,4,0,0.005543910179888978
796,2,1,0.5022274890934776
797,1,0,0.002451073277501347
798,3,0,0.0011813346799393878
799,3,0,0.09105770095937012
800,4,0,0.0003089885381278811
801,1,0,0.01570584142165128
802,5,0,0.031131100271437794
803,2,0,0.00044064767653211506
804,5,0,0.010520185561068238
805,5,1,0.11240513319181444
806,5,0,0.19545919390796287
807,4,1,0.4678187219612812
808,3,0,0.46386313373014504
809,3,0,0.048418020918735025
810,4,0,0.09086600173238917
811,5,0,3.7219825498794623e-05
812,4,0,0.0004834325917105916
813,5,0,0.00018844048598411718
814,3,1,0.9203765034810176
815,2,0,0.38013955671907723
816,3,0,0.00021795312270429413
817,1,0,0.002057791800582464
818,5,0,0.04750238633150502
819,4,0,0.0002898483481692693
820,4,0,0.001107849200405718
821,4,0,0.11142178704559312
822,2,0,0.00557562265214409
823,4,0,0.05469493464596118
824,2,0,0.0068317805440973895
825,3,0,0.39874311097363185
826,5,0,0.00014821943533223727
827,5,0,0.017898029083290013
828,5,0,0.044086322623208794
829,5,0,3.8370760735653196e-05
830,3,0,0.0018717027840066747
831,1,0,0.000299227211521173
832,3,0,0.18165488457251527
833,1,0,0.008337764693024474
834,5,1,0.9335417768877895
835,4,0,0.03573954290929367
836,3,0,0.022723715831985115
837,5,0,0.008929836614828858
838,5,0,0.19678697830710593
839,4,1,0.4498316022106598
840,1,0,0.0005504665982521164
841,1,0,0.00041779311510324287
842,5,0,0.11929197262172961
843,3,0,0.4900878968059285
844,4,0,0.009588303108376462
845,4,0,0.0011210953295957126
846,5,1,0.9800853095888176
847,4,0,0.09957310580364205
848,3,0,0.004408658787946749
849,3,1,0.17701858998307568
850,1,0,0.0012500245691664136
851,1,1,0.9377092660113536
852,2,0,0.003815340581287553
853,2,1,0.9841614960012847
854,4,0,0.46023834377762285
855,4,1,0.9418751225367535
856,1,0,0.001039277221060238
857,2,0,0.17002603957958828
858,2,0,0.19868643381158926
859,5,1,0.3761657328243732
860,3,0,0.003069555020034115
861,3,0,0.00015079649642663623
862,2,0,0.00018465630919901804
863,2,0,0.4159996535620527
864,3,1,0.8771226235573094
865,3,0,0.1396549642228541
866,2,1,0.4063016807157714
867,2,0,0.07438389916809286
868,3,1,0.9594370790531569
869,3,0,0.0005572238222429076
870,4,0,0.00013696126277453562
871,4,0,0.0018325623334599546
872,4,0,0.0014133924203252627
873,4,0,0.03537162556881765
874,2,0,0.033503904590950866
875,1,0,0.0025075466110187662
876,2,0,0.2365378384882108
877,5,1,0.347251153794487
878,3,1,0.3178700390822222
879,4,0,0.05589963157817797
880,1,0,0.00011376795315088909
881,5,0,0.0015976286164591268
882,4,0,0.00022774149588337928
883,2,1,0.43097483401668596
884,2,0,0.0073008537949413
885,2,0,0.016196524559530787
886,3,0,0.008446816593345717
887,4,0,0.3684899852460102
888,5,0,0.001771571525545469
889,4,0,0.017154140368186018
890,2,1,0.9208905483064739
891,5,0,0.05150837232730352
892,3,0,0.1434681844765266
893,4,0,0.17064085374992685
894,3,0,0.1816544594189471
895,1,1,0.9792477617267547
896,1,0,0.038839230687807154
897,1,1,0.9413428929474897
898,2,0,0.004508654752338593
899,2,1,0.1390764870803166
900,4,0,0.0002622612946665194
901,1,1,0.9337873402184736
902,3,0,0.18046855568436593
903,2,0,0.0024213621713768296
904,4,1,0.8713058230929825
905,2,0,0.02095635107734314
906,3,0,0.14491116472743723
907,3,0,0.01046878232070075
908,4,0,0.01927598348586931
909,5,0,0.00037804928795631297
910,5,0,0.027203622737776562
911,2,0,0.0035418226150678456
912,4,0,0.023258851541791418
913,1,0,0.016468240973166178
914,2,0,0.23270913971223017
915,5,0,0.1983909397086762
916,1,0,0.0027267209031513204
917,3,0,0.0004359975518504895
918,1,0,0.09837831770309384
919,2,0,0.0027094226315329795
920,2,0,0.06808484008908945
921,5,0,0.1607902497090436
922,1,0,0.045561861968080875
923,5,0,0.10011425637847396
924,2,0,0.006143646622590412
925,1,1,0.9895094499438092
926,3,0,0.009983876024386431
927,5,0,0.0018781805962229663
928,4,0,0.2553708264728001
929,1,0,0.01523203180335602
930,2,0,0.006790698714205264
931,5,0,0.0006207030031654743
932,5,0,0.004111859311702822
933,2,0,0.14494228632306436
934,4,1,0.21667606072683998
935,5,0,0.0008759029706947863
936,1,0,0.0004787214648498502
937,2,0,0.04340600936966815
938,3,0,0.33676126496130215
939,3,0,0.000734421364702222
940,5,0,0.004241497419696571
941,2,0,0.19371417899940607
942,4,0,0.007580220726700509
943,3,0,0.003988651967715189
944,3,0,0.0005384568402990455
945,4,0,0.0011811707171015553
946,1,0,0.4744012660567478
947,4,0,0.2222039728965081
948,2,0,0.00039572126543850253
949,2,1,0.2914828711452928
950,3,1,0.7701122665811985
951,3,0,0.8129950166414818
952,4,1,0.9492510415720756
953,4,1,0.18940601530650122
954,2,0,0.0028452165799439386
955,2,0,0.32183399474138946
956,4,0,0.01897774071179963
957,2,0,0.000561216278970106
958,1,0,0.006665865692147991
959,5,0,0.3376396110168419
960,1,1,0.9500000051725287
961,4,0,0.0030867691279911655
962,1,1,0.41258101252903934
963,2,1,0.31860076843576507
964,5,0,0.13474229193307485
965,1,0,0.12516228639361793
966,3,0,0.007800871837248046
967,5,0,0.012921957934430399
968,1,0,0.5171864211595691
969,5,0,0.015071259428110214
970,2,0,0.0006457434223346329
971,2,0,0.0010064523761266454
972,1,0,0.0003974937031700111
973,1,0,0.06386473819888348
974,3,1,0.3461516699150571
975,4,0,0.007518397703750638
976,4,0,0.0003671817970856077
977,3,0,0.0009895158696103226
978,4,0,0.010166892722254529
979,1,0,0.000231242843203777
980,4,0,0.27684803143898773
981,2,0,0.039487829505584264
982,2,0,0.08274160337676523
983,3,0,0.07974848357237002
984,4,0,0.07590254660094505
985,1,0,0.06809290022783442
986,3,0,0.025564821425138915
987,1,0,0.0007661458813709537
988,5,0,0.3362950073534562
989,4,0,0.028219892752889796
990,3,0,0.016220689958912356
991,3,0,0.016849799711719814
992,2,1,0.2718784722548911
993,3,1,0.878298990436911
994,2,1,0.43562694788608597
995,4,0,0.08527684141679284
996,5,1,0.16157489725266247
997,5,0,0.031131100271437794
998,3,0,0.0006399572390743228
999,4,1,0.2614106996487215
1000,5,0,0.021174530323292428
1001,3,1,0.32347094308140345
1002,5,0,0.024552143332910118
1003,2,1,0.9068488528999699
1004,3,0,0.0125396379087657
1005,4,0,0.02602200206629707
1006,5,0,0.0009133039886148719
1007,1,0,0.343778411491172
1008,4,1,0.9670383877176304
1009,5,0,0.08806621177107687
1010,2,0,0.02751632194130933
1011,2,0,0.006149627792876091
1012,4,0,0.20115370508067185
1013,4,0,0.0017795978809366031
1014,4,1,0.6260117585405081
1015,2,0,0.21051709965076737
1016,4,0,0.012914073041347628
1017,1,0,0.00032640125299441354
1018,3,0,0.004017362738217426
1019,1,0,0.028839597588496156
1020,3,0,0.03306376325549286
1021,3,0,0.1717934120409488
1022,3,0,0.02238831656692549
1023,1,0,0.30168584999645126
1024,4,0,0.017095664577450577
1025,5,0,0.11728580264553767
1026,2,0,0.0024967088209845484
1027,4,1,0.24441497294409306
1028,2,0,0.059666161372490985
1029,3,1,0.009998898378129362
1030,1,1,0.9755248786678266
1031,5,1,0.9206215083521045
1032,5,0,0.0038688038529818645
1033,5,0,0.05798783816125883
1034,5,0,0.0009195379903266949
1035,1,0,0.04110558889168831
1036,5,0,0.016744766751288543
1037,2,0,0.03122609734612873
1038,4,0,0.11973676143054869
1039,2,0,0.028631883568993495
1040,4,1,0.8503714203193822
1041,1,0,0.0008023950964389589
1042,1,0,0.000721248200344694
1043,3,0,0.1717934120409488
1044,4,0,0.0030980625304278353
1045,5,1,0.17522495164798357
1046,4,0,0.9425714338511488
1047,1,0,0.41258101252903934
1048,3,0,0.030274658001717962
1049,2,0,0.0023164748131625224
1050,3,1,0.017447820288178206
1051,3,0,0.0011712455452986697
1052,5,0,0.0007289007595880795
1053,1,0,0.0002741698347091141
1054,1,0,0.013003940333973375
1055,1,1,0.9207655794182479
1056,5,1,0.8848938824234033
1057,4,0,0.02079136586274901
1058,1,0,0.01590350491449556
1059,5,0,0.01076166020318674
1060,2,0,0.002285868011187382
1061,4,0,0.0008209309836711733
1062,3,0,0.037819957264807046
1063,2,0,0.0032692765738404593
1064,1,0,0.2467467957843419
1065,3,0,0.0010735945206596636
1066,2,0,1.6446104961357885e-05
1067,4,0,0.2751811561147581
1068,4,1,0.25450212927213517
1069,5,0,0.023043783225137855
1070,1,0,0.00015781944652501834
1071,3,0,0.00012412786975625522
1072,4,0,0.010595890065293578
1073,3,0,1.9177520086986813e-05
1074,2,1,0.4465328536115601
1075,1,0,0.05457929658991502
1076,2,0,0.00479354829119621
1077,1,1,0.3789634312867496
1078,3,0,0.00023877121017937684
1079,2,0,0.020781192549649146
1080,4,0,0.0007409796914116369
1081,4,0,0.001234367102791867
1082,1,0,0.00667868696742055
1083,2,0,0.027198859628820935
1084,1,0,0.005801575891908322
1085,4,0,0.0009017307442440938
1086,1,0,0.0033672144433767944
1087,1,0,0.001270290836888575
1088,4,0,0.07527689268708594
1089,1,0,0.08363578869360919
1090,2,1,0.3698664179344235
1091,2,1,0.16036265193787164
1092,2,0,0.13285085311256428
1093,3,0,0.0011712455452986697
1094,1,0,0.0003670232263753226
1095,5,0,0.4401259335148192
1096,4,0,2.2301934811621895e-05
1097,5,0,0.001651457355857745
1098,4,0,0.0015226370338432597
1099,4,0,0.16982812176306997
1100,5,0,0.0707406946177976
1101,3,0,0.009743627545885003
1102,2,0,0.0001331871111914358
1103,5,0,0.0037289984819052413
1104,1,0,0.4134343556083532
1105,3,0,6.496282567175015e-05
1106,5,0,0.3057392970656063
1107,5,0,0.0022423489000335827
1108,1,0,0.003229839194238291
1109,4,0,0.48334864401069977
1110,4,0,0.0001815797662816781
1111,3,0,0.4974787324661747
1112,5,0,0.0008771716635678641
1113,5,1,0.5689260742189935
1114,2,0,0.015007534867589786
1115,1,0,0.002093408975036131
1116,4,0,0.0209309113131333
1117,5,0,0.0025744154995498143
1118,3,0,0.026158173881109047
1119,5,0,0.046343869690264126
1120,1,0,0.012474212028319033
1121,4,0,0.0017569251316381864
1122,3,0,0.005592505862827028
1123,2,0,0.008899338577197545
1124,4,0,0.00025835461745241697
1125,1,0,0.0002801478224181365
1126,4,0,0.04938331041462875
1127,2,0,0.0012980080461102873
1128,3,0,0.15905421093041647
1129,3,0,0.020063907846892454
1130,5,0,0.0034867790085650286
1131,2,1,0.4691926225688531
1132,1,1,0.2570190233490027
1133,1,0,0.0010814410224430555
1134,2,0,0.023559992238859722
1135,5,0,0.0012444161324368683
1136,1,0,1.944011328331656e-05
1137,1,0,0.021827597510881796
1138,2,0,0.0034104298760485848
1139,2,0,0.0012195884370184557
1140,5,0,0.19632890568991845
1141,4,0,0.16598845375558305
1142,1,0,0.009381349142340513
1143,2,0,0.0020653298521712644
1144,3,0,0.011364122697498903
1145,3,0,0.02092358240686621
1146,3,0,0.013467935108677003
1147,2,0,0.9070578608715247
1148,1,0,0.3050293928329883
1149,3,0,0.3922356070576942
1150,2,0,0.000304811013063213
1151,4,0,0.04203142756321467
1152,4,0,0.006850451172159727
1153,5,0,0.1607902497090436
1154,2,0,0.21845186564113975
1155,5,0,0.5258277603485256
1156,5,0,0.2628459450620005
1157,2,0,0.18313600417656853
1158,4,0,0.31656726615636177
1159,1,0,0.00609043132911237
1160,1,1,0.23135427228831806
1161,5,0,0.03372331821240577
1162,4,1,0.9772422762217707
1163,2,0,0.046663659967298016
1164,1,1,0.9335817064589231
1165,5,0,0.0003360667597718311
1166,4,0,0.00400216758440236
1167,3,0,0.0028110430152094947
1168,1,0,0.02390227466530417
1169,2,0,0.0016090540253614854
1170,3,0,0.06169631290861852
1171,3,1,0.40986384508876555
1172,1,0,0.002040609214825891
1173,1,0,0.008384260249920714
1174,5,1,0.9252518438658364
1175,4,1,0.26860782855764764
1176,2,0,0.003514417832709292
1177,5,0,0.07708912939179102
1178,3,0,0.009337617048772498
1179,5,0,0.04271267039690936
1180,4,0,0.003301870987060601
1181,1,0,0.0006120554407086581
1182,3,1,0.9823836202235062
1183,5,0,0.0034493470907164285
1184,2,0,0.01860450522766868
1185,4,0,9.351766890701796e-05
1186,3,0,0.0006715377348708247
1187,4,0,0.19165600614491016
1188,3,1,0.4638573800453329
1189,3,0,0.027630920066229987
1190,3,0,0.15334116819909765
1191,1,1,0.03723428007132885
1192,5,1,0.9419951996504994
1193,3,1,0.40605942705353976
1194,4,1,0.19497159360252603
1195,1,0,0.14644995424313573
1196,5,0,0.0011298670642019182
1197,4,0,0.001329962376045933
1198,1,0,0.0001925582560761485
1199,4,0,0.0007648299187283613
1200,4,0,0.43297958649445956
1201,3,0,0.0003844096894762959
1202,5,0,0.1326506406141259
1203,3,0,0.19865355934991252
1204,3,0,0.032080029132068894
1205,5,0,0.04802435468039505
1206,2,0,0.0016300365157327203
1207,4,0,0.056024023721049324
1208,5,1,0.5025054963579505
1209,5,0,0.020535457738126386
1210,2,1,0.43097483401668596
1211,2,1,0.41019823832162605
1212,5,0,0.00090441365808512
1213,2,1,0.9077808064169841
1214,2,0,0.00027978337326476494
1215,5,0,0.015033943450955265
1216,1,0,0.00018049781440593392
1217,3,0,0.018367573771137864
1218,3,0,0.016946429881778854
1219,2,0,0.042764310310648576
1220,1,1,0.9508255000125391
1221,2,0,0.000287050426946225
1222,3,0,0.09842934251745294
1223,5,1,0.8618191855494779
1224,1,0,0.0005771722239175585
1225,2,0,0.037027900097592416
1226,3,1,0.9588848466497225
1227,4,1,0.9436973962662685
1228,1,0,0.03851427079408077
1229,4,0,0.1295428172398777
1230,1,0,0.017741975311730315
1231,4,0,0.3437417959325262
1232,1,0,0.018637933227952097
1233,4,1,0.9541961157228666
1234,3,0,0.3956809571890313
1235,5,0,0.0010351172992285693
1236,3,0,0.0019499842233052535
1237,3,0,0.0005017640459781706
1238,2,0,0.0017274759953156
1239,2,1,0.9582955984584799
1240,2,0,1.0642839777919171e-05
1241,1,0,0.9243186844058218
1242,1,0,0.09925611536604477
1243,3,0,0.21751226313408517
1244,5,0,0.0723533346776406
1245,5,0,0.025215500463307543
1246,2,0,0.0013408060017680943
1247,1,0,0.1049271112029479
1248,1,0,0.05336630161685484
1249,3,0,0.017554884170927352
1250,2,0,0.00012559657973511067
1251,5,0,0.010594629633280667
1252,5,1,0.7922084861578349
1253,2,0,0.01943195549259538
1254,1,0,0.26289203956287216
1255,2,0,0.0009176388142287538
1256,5,0,0.16963099783375826
1257,5,0,0.02037714666627639
1258,2,0,0.0005491441558428734
1259,2,1,0.5047941612383051
1260,5,0,0.07432044675078803
1261,3,0,0.0010385721627938
1262,3,0,0.007096914477658667
1263,2,0,0.030194974546867127
1264,4,0,0.012076351196356357
1265,1,0,0.0001143672746289139
1266,5,0,0.0014842257324654718
1267,4,0,0.013099001069376875
1268,1,0,0.04567938885890788
1269,2,0,0.0010876302626910267
1270,2,0,0.4012543071724263
1271,1,0,0.0003827978137877425
1272,5,1,0.9109666821955579
1273,1,0,0.20223737573056394
1274,1,0,0.0006086544662975268
1275,4,0,0.16343310786160625
1276,5,0,0.01392785886664197
1277,1,0,0.0024519469841978556
1278,3,0,0.0004378624260308952
1279,3,0,0.05886260913714225
1280,4,0,0.0007402417581666617
1281,4,0,0.0011299099427671164
1282,2,0,0.03895377209278547
1283,5,0,0.0003024924904967711
1284,1,0,0.5952849286242776
1285,4,0,0.0009518716958878556
1286,3,0,0.07595746458250165
1287,4,0,0.29139777805522166
1288,4,0,0.12191002349642888
1289,1,0,0.0002549738817977496
1290,1,0,0.0005974460251530525
1291,5,1,0.23595352621189244
1292,4,0,0.03505261610875741
1293,5,0,0.01787271110025974
1294,3,0,0.008367024723756245
1295,2,0,0.3114639360144516
1296,3,0,0.03465984648668539
1297,1,0,0.007584545535204667
1298,4,0,0.041819257133942224
1299,1,0,0.11583014916137782
1300,3,0,0.003985628893595656
1301,3,1,0.5467478325612428
1302,1,0,0.00039944764341361485
1303,1,0,0.08255021424603672
1304,4,0,0.1454253116553009
1305,4,0,0.060054160296529276
1306,3,0,0.0008647199053472089
1307,4,1,0.9227533311520757
1308,1,0,0.00525117554714742
1309,2,0,0.0012426468762216168
1310,1,0,0.0006281065421217745
1311,1,0,0.008155357941107435
1312,4,0,0.0017575210776911748
1313,5,0,0.0004812249608964045
1314,4,0,0.0002917128269953755
1315,2,0,0.0006759226905929153
1316,1,0,0.034014790522280756
1317,5,0,0.2117965820689805
1318,2,0,0.012919674857606315
1319,1,0,0.0009504462222509401
1320,2,0,0.5099074561928845
1321,5,0,0.06225342661297792
1322,1,0,0.03193704223178902
1323,4,0,0.09631098153017172
1324,5,0,0.02558154556987399
1325,2,0,0.00031388744062080324
1326,5,1,0.41034968963636803
1327,2,0,0.00026415021408612957
1328,1,0,0.014729011906360973
1329,2,0,0.02614728877671995
1330,3,0,0.00018344692739768846
1331,2,0,0.0010393964829426988
1332,4,0,0.010765415440554026
1333,4,0,1.2379559373704501e-05
1334,5,0,0.19332645432011278
1335,1,0,0.06868589038297258
1336,3,0,0.6282200795693171
1337,2,0,0.004712225923895336
1338,1,0,0.032220965043785056
1339,5,0,0.5129128823423829
1340,2,0,0.0023047900166844604
1341,1,0,0.008195225246928964
1342,3,0,5.829862798633346e-05
1343,2,0,0.2564269524038461
1344,3,1,0.38776698147067795
1345,1,0,0.5995998184740051
1346,3,0,0.0029093725989193585
1347,5,0,0.004647187052779708
1348,4,0,0.008522280437916425
1349,5,1,0.3795727895644643
1350,3,0,0.0005417887725658708
1351,4,1,0.9307275921990186
1352,2,0,0.0007954631995592774
1353,4,0,0.1858953236130797
1354,4,0,0.5794313007276993
1355,1,1,0.8115873875517878
1356,1,0,0.011733941831584677
1357,5,1,0.3427772104204846
1358,2,0,0.0029056875893560554
1359,1,1,0.4405434522325217
1360,5,0,0.06141555985751254
1361,1,0,0.0009353927972128055
1362,2,0,0.11059147146915178
1363,4,0,0.0010466451916037907
1364,4,1,0.1999269943845784
1365,1,0,0.012899496949223184
1366,2,0,8.066778069322864e-06
1367,5,0,0.2584511110551674
1368,2,0,0.08076609248300236
1369,4,0,0.0005210719888531677
1370,3,1,0.9338297808149628
1371,3,0,0.015857527356853342
1372,1,0,0.001619019623434603
1373,5,0,0.14166458362430978
1374,4,0,0.308081611347753
1375,3,0,8.341390549877871e-05
1376,4,1,0.918643081450096
1377,1,0,0.08529910607403222
1378,1,0,0.015065647156585628
1379,1,0,0.22163787094050952
1380,2,0,0.0292323815820853
1381,3,1,0.4332351132453327
1382,2,0,0.002033787376391392
1383,4,0,0.007871848001626543
1384,1,0,0.029909967122050057
1385,4,0,0.11446053728304655
1386,4,0,0.026287771115958494
1387,4,0,0.02431251615092912
1388,5,0,0.05110253308658036
1389,5,0,0.0033613468798833752
1390,5,0,0.0008872622271849033
1391,3,0,0.005005383777678827
1392,3,1,0.6644577791183439
1393,1,0,0.0012754005619324117
1394,5,0,1.5905769151047677e-05
1395,4,0,0.0016584788960551584
1396,3,0,0.0005433871417287379
1397,3,0,0.0003438742003931893
1398,4,0,0.0023977022265379198
1399,4,0,0.0007514584331576325
1400,4,1,0.4651540352725191
1401,3,0,0.012615499720528625
1402,2,0,0.0013452530833524493
1403,1,0,0.3519201223257162
1404,1,0,0.032107437476862434
1405,1,0,0.010980769596125347
1406,4,1,0.9564168586713738
1407,4,0,0.02280069989100163
1408,2,0,0.3008421975866505
1409,5,0,0.0003579150456719078
1410,1,0,0.0013898665376353351
1411,2,0,0.10340211000555125
1412,1,0,0.01953719585227803
1413,2,0,0.03698062410974494
1414,2,0,0.0027320063436473982
1415,1,0,0.0007731659548688318
1416,2,1,0.8852475505144155
1417,2,0,0.0031655521343206708
1418,3,0,0.0016026091358791554
1419,1,0,0.02648176529459556
1420,1,0,0.9402010591510906
1421,4,0,0.0002119362924428713
1422,1,0,0.0001621995060261697
1423,1,0,0.0004787214648498502
1424,3,0,0.00012466735067746882
1425,1,0,0.0030600441980104783
1426,1,0,0.5002934894304368
1427,3,0,0.0024874306391745597
1428,4,0,0.0007246116872424161
1429,4,0,0.00016520566248707892
1430,2,0,0.000304811013063213
1431,1,1,0.3408701388915031
1432,3,0,0.027818023408575813
1433,4,0,0.0008579431362135922
1434,4,0,9.958820954192343e-05
1435,5,0,6.073484053295028e-05
1436,5,0,0.040516437071993636
1437,5,1,0.9741999081985651
1438,2,0,0.001850115337796758
1439,1,0,0.03674190109268855
1440,2,0,0.20615327493386176
1441,4,0,0.00014646437977707503
1442,2,0,0.0006458007280317858
1443,2,1,0.8979844235455582
1444,4,0,4.611790391646095e-05
1445,2,0,0.003983350183644145
1446,4,0,0.01310744219574266
1447,3,0,0.0006226648084864315
1448,4,0,0.021573644375080442
1449,1,0,0.04497934400180565
1450,5,0,0.1412053883219561
1451,1,0,0.014463235615017512
1452,2,0,0.1273428580046658
1453,3,0,0.008499498536312407
1454,5,0,0.885281323665751
1455,1,0,0.0020631262308699752
1456,1,1,0.16164538730728092
1457,4,0,0.0012899700096235516
1458,1,0,0.19410614570091617
1459,5,0,8.711454641889482e-05
1460,3,1,0.2244079053511123
1461,4,0,0.0009607704123723686
1462,4,1,0.6177687772531806
1463,5,1,0.2085521529301276
1464,2,0,0.0004798153698889658
1465,3,0,0.0009254456600173612
1466,4,1,0.9838903672379775
1467,3,1,0.42107847324921277
1468,4,0,0.043650166295494494
1469,1,0,0.0061763895484523625
1470,1,0,0.4336878753525244
1471,1,0,0.002883447898312726
1472,1,0,0.004486823767452338
1473,1,0,0.008992342948926996
1474,4,1,0.13900990683992218
1475,2,0,0.02652407825917738
1476,1,0,0.002313753060961134
1477,4,0,0.3585451219969126
1478,5,0,0.030727608725807255
1479,1,0,0.0177879605923915
1480,1,0,0.0008901719537379615
1481,3,0,0.0020838723347631266
1482,2,0,0.23334560510654062
1483,4,1,0.4424998744414411
1484,1,0,0.4941853100740427
1485,1,0,0.034229452180487285
1486,4,0,0.4961994298807482
1487,5,0,0.4155164388050878
1488,2,0,0.002844308754696682
1489,5,0,0.0034351507961447717
1490,3,0,0.006493258123617602
1491,1,0,0.5038619685987041
1492,1,0,0.014772954736764266
1493,2,0,0.0006976832164438296
1494,3,0,0.00048683737978166646
1495,2,1,0.38644090277284593
1496,3,0,0.0004342926158305082
1497,4,0,0.0009738755938562273
1498,1,0,0.000914059833474223
1499,2,0,0.046503391981493364
1500,5,1,0.834343737111289
1501,2,0,0.1393375927856492
1502,5,0,0.1896696936877623
1503,1,0,0.3984150479467488
1504,2,0,0.010915020889427527
1505,1,0,0.01619973739784979
1506,5,0,0.028438418727018678
1507,4,0,0.062108513793563774
1508,4,0,0.040696221664439654
1509,3,0,0.033254259205675825
1510,3,0,0.17093777925598372
1511,5,0,0.10382384686781775
1512,1,1,0.9696686001766173
1513,5,0,0.0022872133068102193
1514,5,0,0.0016926799052818654
1515,2,0,0.1471297150434922
1516,3,0,0.13410054523716097
1517,1,0,0.0001117124267295903
1518,1,0,0.0008640331804207457
1519,4,0,0.16616034981833516
1520,1,0,0.0002967469025603024
1521,4,1,0.493112745617134
1522,4,0,3.980754771198954e-05
1523,1,0,0.002181210933995868
1524,5,0,0.45602791526496517
1525,2,0,0.002824902655909623
1526,1,0,0.0006345203835392113
1527,4,0,0.0009535444423956608
1528,5,0,0.06065370392531425
1529,1,0,0.4411765445428903
1530,1,0,0.11733495139586862
1531,4,0,0.020322682602979033
1532,5,0,0.037955552441309465
1533,1,1,0.9585466365571417
1534,2,0,0.09875866161635001
1535,1,1,0.5362770758089773
1536,2,0,0.5888092545469755
1537,4,0,0.283481283711808
1538,4,0,0.030436441797627316
1539,1,0,0.0013915042036328387
1540,4,0,0.00044300922180392377
1541,3,0,0.0016165088234816494
1542,3,0,0.08353440117254489
1543,4,0,0.024100886560301137
1544,1,0,0.11887779601923343
1545,4,0,0.10594563326834903
1546,2,0,0.3973919322245174
1547,4,0,0.0003964088546469052
1548,3,0,0.006062710769150018
1549,2,0,0.19371417899940607
1550,5,1,0.40143661212092246
1551,5,0,0.022908845971551847
1552,4,0,0.0017544075210143464
1553,5,0,0.0015956312300787574
1554,3,1,0.4433055862674561
1555,5,0,0.47110856599678225
1556,1,0,0.0002788363218429923
1557,3,1,0.3959942515575346
1558,1,1,0.4285838480043329
1559,5,0,0.2555920118392124
1560,5,0,0.0005547500959540312
1561,5,0,0.02589240366360283
1562,1,0,0.01100144944851721
1563,2,0,0.02266498653761394
1564,4,0,0.4615403179359038
1565,2,0,0.005325612473254339
1566,3,0,0.04594466511510606
1567,1,0,0.0008070681851945612
1568,4,0,0.006384961747528104
1569,3,0,0.0005422201207253281
1570,4,0,0.20123875614221065
1571,3,0,0.3475946311224457
1572,1,0,0.013051183162252582
1573,1,0,0.0013240722501060666
1574,3,0,0.3660893117556915
1575,1,0,0.0012324849162354398
1576,4,0,0.0014109627531829346
1577,4,1,0.908099439972207
1578,4,1,0.15687080265903977
1579,3,0,0.006692075234669794
1580,5,0,0.0023489320487263656
1581,4,0,0.0002653074572090553
1582,3,0,0.0005660387877391811
1583,3,0,0.502507510457791
1584,5,0,0.00013040722986607499
1585,4,0,0.018818697944464266
1586,1,0,0.002558540585648025
1587,5,1,0.347251153794487
1588,2,0,0.002195911083323634
1589,2,0,0.0001556731958861855
1590,5,1,0.34694346327362013
1591,1,0,0.0031450960295211668
1592,3,0,0.15540491889580257
1593,1,0,0.37846144598134435
1594,1,1,0.022617856003492046
1595,4,0,0.3476162429322928
1596,3,0,0.00017029194250256868
1597,4,1,0.4050117310952794
1598,3,0,0.12565197583342436
1599,5,0,0.024589065887350076
1600,4,0,0.07949779871839302
1601,2,0,0.19471399637238263
1602,4,0,0.12197812410810122
1603,5,0,0.000298770119875333
1604,3,0,0.0005045638630906094
1605,3,0,0.13027860051619025
1606,2,0,0.00023969160715438267
1607,2,0,0.0022540060370738013
1608,5,0,0.002778686555899894
1609,3,0,0.0757399116796564
1610,2,0,0.08645956612571852
1611,2,0,0.046786495742166055
1612,3,0,0.014388147729127006
1613,4,0,0.4437275393558853
1614,2,0,0.0009344761740114237
1615,4,0,0.00026059050056117606
1616,4,0,0.4437275393558853
1617,3,0,0.1213457443959274
1618,3,0,0.0008611465942643212
1619,1,0,0.1105376952539526
1620,2,0,0.002948303372165649
1621,4,0,0.017519663616287946
1622,1,0,0.0006219159859870266
1623,3,0,0.004754542464267928
1624,2,0,0.00020966720320702033
1625,2,0,0.0007749084920719958
1626,4,0,0.0278981574336257
1627,3,0,0.5986169383484237
1628,3,0,0.046076186339484425
1629,5,0,0.08332546452129518
1630,2,1,0.33369989232181047
1631,4,0,0.012391996399771742
1632,5,0,0.0034881746012434527
1633,5,0,0.016806547478381006
1634,5,1,0.7890371225321398
1635,4,0,0.0008146371668331492
1636,5,1,0.4041100809799259
1637,5,0,0.009282902025276282
1638,1,1,0.9369580278558124
1639,3,1,0.3079420895625644
1640,4,0,0.0004918607698146452
1641,5,0,0.0381159116127752
1642,3,0,0.19484859086283396
1643,3,1,0.43783103008014806
1644,5,0,0.020904879342654264
1645,5,0,0.00020866476621814533
1646,3,0,0.008673530469380943
1647,3,0,0.002057596862725318
1648,1,0,0.011974713405453715
1649,3,0,0.16582687860583847
1650,3,1,0.9244345815141783
1651,2,0,0.3567461010787439
1652,4,0,0.003037897635271547
1653,2,0,0.009818369972191637
1654,5,0,0.00795504767335898
1655,1,1,0.024951735303607427
1656,1,0,0.00010955549499874638
1657,1,0,0.036074243323008015
1658,3,0,0.0014995021302940212
1659,3,0,0.09250072347070845
1660,5,0,0.0032449968772512933
1661,2,0,0.005004654003734461
1662,4,0,0.025370922542892676
1663,3,0,0.0016923640404447361
1664,2,0,4.701519038002687e-06
1665,5,0,0.05244262846771061
1666,1,0,0.0203560387467363
1667,2,1,0.9893999101681218
1668,1,0,0.00016156094919598995
1669,3,0,0.33680152956863646
1670,4,0,0.0003716954025265712
1671,3,0,0.0021986234723888128
1672,2,0,0.004508654752338593
1673,5,0,0.2531496731261582
1674,2,0,0.00036562199406146764
1675,4,0,0.060765477206053235
1676,2,1,0.9916082500814516
1677,5,0,0.053520719984096014
1678,4,0,0.05831080186551688
1679,5,1,0.9806484201003403
1680,1,1,0.9156363636347832
1681,2,0,0.22608317534139058
1682,4,1,0.1733281970955927
1683,1,0,0.012857074085115513
1684,3,0,0.014810057063165415
1685,1,0,0.17118441403578843
1686,2,0,0.0005013508805118519
1687,1,0,8.361333863787858e-06
1688,3,1,0.37042344385934495
1689,1,0,0.0003074398926634119
1690,3,0,0.19111702493416097
1691,3,0,0.00012600450211218403
1692,5,0,0.24386166989156047
1693,5,0,0.004064034520320556
1694,3,0,0.02383849853505867
1695,3,0,0.003391978785890402
1696,4,0,0.028306955556918766
1697,3,1,0.9626928119370818
1698,4,0,0.0164098280926596
1699,4,0,0.0010174906971607916
1700,2,0,0.029776907205095637
1701,2,0,0.03800088947106321
1702,5,1,0.9551051084053374
1703,4,0,0.007487276674458625
1704,5,0,0.001369038632789631
1705,1,0,0.0006124049978372089
1706,3,0,0.0005562872829385838
1707,1,0,0.01788541461059047
1708,3,0,0.010196414834358956
1709,4,0,0.0005368584751095951
1710,5,0,0.020949576894277885
1711,3,0,0.1308939186679112
1712,2,1,0.338930289612177
1713,4,0,0.00012374148371722407
1714,1,0,0.018402378969694922
1715,4,1,0.045604348833244664
1716,4,0,0.2765848719794613
1717,4,1,0.4796296772614873
1718,3,0,0.1476904173230328
1719,3,0,0.6445797032720859
1720,4,0,0.12187344616063629
1721,3,0,0.0018177606954707104
1722,2,0,0.02861796056804196
1723,3,0,0.639097458730017
1724,3,0,1.574151966209532e-05
1725,3,0,0.016361020528380826
1726,2,0,0.043130628691122774
1727,2,0,0.4789170623520712
1728,2,0,0.3765504320123641
1729,2,1,0.9858220469552915
1730,1,0,0.001388676309028242
1731,2,0,0.4651621020443255
1732,3,1,0.44359758424165086
1733,5,0,0.0010482388147378902
1734,5,0,0.0005827357099426942
1735,3,0,0.009519442384397812
1736,5,0,0.0016805231805092813
1737,4,1,0.9636011863921649
1738,4,0,0.00038145894909813005
1739,5,0,0.5830513396449102
1740,3,0,0.04176820011394639
1741,3,0,0.2726361473495248
1742,3,0,0.0010570375574222232
1743,1,0,0.005039036539595589
1744,5,0,0.017698764366393033
1745,2,0,0.3180308417804818
1746,3,0,0.018366630641943164
1747,5,1,0.4240087080105384
1748,3,0,0.011335438209847453
1749,3,0,0.0010401684227663505
1750,3,0,0.3364305708292194
1751,3,0,0.014185244297230731
1752,4,0,0.031770284859715156
1753,4,0,0.00017012398215480846
1754,4,0,0.0005788615852440328
1755,3,0,1.6895266458542127e-05
1756,3,1,0.18730331067235842
1757,5,0,0.0010101730646963891
1758,5,0,0.0011888609756958949
1759,3,0,0.015630582437581364
1760,4,0,0.0004288458598808911
1761,2,0,0.1250150219423362
1762,2,0,0.004101673209647536
1763,5,1,0.1673577541761099
1764,2,0,0.0002579707420763935
1765,1,0,0.07047262084400896
1766,1,0,0.02237316863939016
1767,5,0,0.0014933538981790823
1768,2,0,0.1496113880151994
1769,1,0,0.0006148616097778055
1770,1,0,0.014472131400390092
1771,3,0,0.0375682100378024
1772,5,0,0.02935120466960882
1773,4,0,0.017456987013226392
1774,4,1,0.9591937033047165
1775,4,0,0.0020684794293639726
1776,5,0,0.10286507796950563
1777,2,0,0.0012262794249146723
1778,1,0,0.03227955100791069
1779,4,1,0.3426710452207724
1780,4,0,0.2019147357411126
1781,1,1,0.18602207260236153
1782,4,1,0.542442847276463
1783,3,0,0.04146300129301046
1784,4,0,0.04381075348615144
1785,1,0,0.38900625531430066
1786,1,0,0.08688581602203356
1787,4,0,0.4437275393558853
1788,1,0,0.3832575123984621
1789,5,1,0.1142084876268572
1790,4,0,0.031101652505972945
1791,5,1,0.4269197823517914
1792,2,0,0.008710516813176927
1793,5,0,0.0013053812665816916
1794,4,0,0.323927686638447
1795,3,0,0.015416308363036065
1796,5,0,0.0003210154578452297
1797,2,0,0.00014636841662937314
1798,1,0,0.012056132531675503
1799,3,0,0.5307792659469864
1800,2,0,0.04452435738533877
1801,4,0,0.0036621030651830416
1802,2,0,0.0011625483629052022
1803,2,0,0.03486356266502156
1804,5,0,0.13086629613523726
1805,5,0,0.008699416234338342
1806,2,0,0.13863116314640073
1807,5,0,0.1811870178264586
1808,4,1,0.49002658631697044
1809,4,0,0.001873377421832228
1810,1,0,0.017679353553185673
1811,3,0,0.0015977215374976023
1812,4,0,0.004662497807991278
1813,4,0,0.0672185128583973
1814,4,1,0.14028517751148362
1815,2,0,0.0006215869275487774
1816,4,0,0.00039696173180170824
1817,2,0,0.4374750536267643
1818,1,0,0.014159933126232973
1819,1,0,0.16848938288657414
1820,5,0,0.016984052570031966
1821,3,0,1.5893832261990246e-05
1822,2,0,5.493292510199819e-05
1823,5,1,0.42458099377797337
1824,1,1,0.8928892483919483
1825,5,0,0.0036104502137253576
1826,1,0,0.5672660515562123
1827,2,1,0.5961957027809437
1828,1,1,0.4015417250019777
1829,2,0,0.008352998341101559
1830,4,0,0.4101394167223795
1831,3,1,0.4286449883727865
1832,5,0,0.0012237202788688711
1833,2,0,9.292776853531848e-06
1834,2,1,0.9247149906364118
1835,2,0,0.003918705866138228
1836,4,0,0.005470434894488972
1837,4,0,0.43040423591505
1838,1,0,1.5358095474414996e-05
1839,1,0,0.024021586708508805
1840,1,0,0.0012060690044268275
1841,3,0,0.01197207993743009
1842,3,0,0.001170987488564023
1843,4,0,0.001442436949744686
1844,2,1,0.31704954430303506
1845,5,0,0.46874275240453117
1846,4,0,0.0016964971211838752
1847,2,0,0.30375041284766136
1848,5,0,0.003097187035957348
1849,5,0,0.03398823614170254
1850,2,0,0.27710805454081733
1851,2,1,0.12455126888813875
1852,3,0,0.02906796683296925
1853,4,0,0.34621112445520047
1854,1,0,0.11835916576883337
1855,2,1,0.21515782512772083
1856,3,0,0.018043436220482448
1857,5,0,0.007118340056961713
1858,1,0,0.05511379678278212
1859,1,0,0.029662980755897583
1860,5,0,0.40486929461210536
1861,3,0,0.29965830547346345
1862,2,0,0.4374626172188079
1863,4,0,0.00018237655107398643
1864,3,1,0.3457677614817353
1865,3,0,0.0047295993696153445
1866,2,0,0.06321981800138529
1867,5,0,0.001401014073632439
1868,2,0,0.270466734156578
1869,3,0,0.462461563897339
1870,3,0,0.00039401658995490905
1871,4,0,0.02267653674303299
1872,3,0,0.0002931473468019772
1873,3,1,0.7018597839511939
1874,2,0,0.0012587835544686597
1875,5,1,0.8937480273914852
1876,1,0,0.28226212480373225
1877,4,1,0.2189169845177741
1878,3,1,0.30622089575986705
1879,1,0,0.01132295343000083
1880,4,0,7.201727939951099e-05
1881,4,0,0.0033252873360198215
1882,5,0,0.04379411965381136
1883,1,0,0.022847332673763994
1884,1,1,0.9090765288151552
1885,2,0,0.2140598433326011
1886,2,0,0.0351710909859817
1887,1,0,0.04617684725499305
1888,3,0,0.0004233078915133776
1889,3,0,0.006504876391924438
1890,5,0,0.0004305293989725452
1891,3,0,0.3691547999402021
1892,4,1,0.4315076321628074
1893,3,0,0.01772144166386884
1894,1,0,0.00014128968545446113
1895,3,0,0.15318661691349084
1896,3,0,0.005193416441282852
1897,3,0,0.1856749428542814
1898,3,1,0.5746695097553782
1899,5,0,0.00014607660510159348
1900,4,0,0.24971990066534838
1901,2,0,0.0698767450110644
1902,5,0,0.2979577160125164
1903,3,0,0.040336993553045354
1904,4,0,0.4467775650119648
1905,1,0,0.36782085012039223
1906,3,0,0.28846374687135734
1907,5,0,0.3498348444236198
1908,5,0,0.13001544444650062
1909,5,1,0.9092428920021156
1910,3,1,0.2632735665445506
1911,3,1,0.24457504428969584
1912,2,0,0.018320061903125913
1913,2,0,0.0422030701843509
1914,4,0,0.0003030956541128616
1915,2,0,0.19264978729495952
1916,1,1,0.9660463942233835
1917,3,0,0.24725648286242347
1918,2,1,0.25221963452832363
1919,4,0,0.0018465282432287918
1920,1,1,0.4285838480043329
1921,5,1,0.3041525328687708
1922,5,0,0.009468609171213093
1923,1,1,0.9487274662211999
1924,3,0,0.11837443424548856
1925,2,0,0.0032539514629157844
1926,2,0,0.22183450717818126
1927,1,1,0.9108435682957328
1928,3,0,0.11568637668438723
1929,3,0,2.4966625870942862e-05
1930,5,1,0.41283500340572216
1931,5,1,0.9817906209067463
1932,2,0,0.00486993402203402
1933,2,0,0.001016213642118215
1934,2,0,0.3282537703456969
1935,4,0,1.6717887360997716e-05
1936,5,0,0.43763710816408347
1937,5,0,0.001302092699539699
1938,3,0,0.16079252919793177
1939,2,0,0.01123601399419042
1940,1,0,0.005183582479954076
1941,4,0,0.0427064533523896
1942,2,0,0.00019883041480386166
1943,5,0,0.0438984934675988
1944,3,0,0.010909586301886296
1945,4,0,0.08455276361179327
1946,2,0,0.005228762642199894
1947,1,1,0.19738715306182136
1948,1,0,8.038936211841328e-05
1949,3,1,0.023446671080205077
1950,2,1,0.4915655260282392
1951,2,0,0.4439968149965491
1952,5,0,2.7823047469886194e-05
1953,2,0,0.9428257578110311
1954,1,0,0.005693764776560979
1955,1,0,0.0010357530413786023
1956,2,0,0.2610227413483104
1957,1,1,0.9414151392335564
1958,3,0,0.6288819291434912
1959,2,0,0.012185502546951612
1960,3,0,0.06411486369636095
1961,1,0,0.00809406097548722
1962,4,0,2.824915614725445e-05
1963,5,0,0.17996596617314445
1964,3,1,0.6574724636126309
1965,3,0,0.021343482463798497
1966,3,0,0.016284285229873154
1967,2,0,0.08194626364536663
1968,3,0,0.014232207791989342
1969,3,0,0.0032049458341564265
1970,1,0,0.2691180799524553
1971,5,0,0.004218308204010392
1972,2,1,0.9743633215391498
1973,3,0,0.2407177641796884
1974,5,0,0.00617067162800769
1975,2,1,0.8964281121133059
1976,5,0,0.007373393118211703
1977,1,0,0.05141787696128845
1978,5,0,0.020135084977988632
1979,1,1,0.9909579096373277
1980,5,0,0.0002913180284905942
1981,2,0,0.23065844498744628
1982,3,0,0.1270814402457226
1983,5,1,0.5394852745542755
1984,3,0,0.011308074125355123
1985,2,0,4.3161477821054955e-05
1986,5,0,0.17895049283271053
1987,1,0,0.0036730793915268805
1988,4,0,0.00039547486814710904
1989,5,0,0.0012368119581090907
1990,1,0,0.013201027305223581
1991,1,1,0.8497722647878033
1992,1,0,0.0014015381371712268
1993,3,0,0.03527245378026214
1994,3,0,0.011979469174025122
1995,2,0,0.038382780812147715
1996,1,0,0.2014800733857222
1997,1,1,0.9855379255379806
1998,5,0,0.0003970700695491309
1999,2,0,0.33973950891286747
2000,2,0,0.3693295492264303
2001,3,1,0.0392924864587098
2002,4,0,0.0011193122940889057
2003,3,0,0.0002646759434731377
2004,3,0,0.12133547247947989
2005,2,0,0.013811808987760788
2006,3,0,0.018367573771137864
2007,2,0,0.003243085787507437
2008,1,0,0.1172614368070051
2009,2,0,0.02803325137433543
2010,1,0,0.007348841474391608
2011,1,0,0.10504618082597758
2012,2,0,0.0001783769430277679
2013,1,0,0.050783069385216886
2014,3,0,0.00029709517881565005
2015,5,0,0.0002038090006398568
2016,2,0,0.0022041784404926348
2017,5,0,0.0007120759406461917
2018,1,0,0.5523380240287736
2019,3,0,0.0013483751261719606
2020,2,0,0.19240383265691927
2021,2,0,0.0014328788853664052
2022,3,1,0.47239890337253604
2023,5,0,0.0004141271579283626
2024,5,1,0.5070898808177139
2025,3,0,0.18127136743790612
2026,3,0,0.0025202852705417545
2027,1,0,0.04617684725499305
2028,4,0,0.001151541232440362
2029,3,0,0.006195818048942667
2030,2,0,0.012473793783429674
2031,5,0,0.0026523794908177314
2032,2,1,0.9774199654886783
2033,2,0,0.10614069528513011
2034,1,0,0.0040886562009765474
2035,5,1,0.1423258855738175
2036,4,0,0.14594937423053772
2037,3,0,0.002043201759782754
2038,4,0,0.007734179775389598
2039,3,0,0.032146726889655516
2040,4,0,0.18917598171838276
2041,2,0,0.030678423733228242
2042,1,1,0.39060140410159006
2043,2,0,0.0026735984153857654
2044,5,0,0.23582781541385842
2045,2,0,0.5185847352680466
2046,2,0,0.002644664450952446
2047,1,0,0.0027101013271144106
2048,1,0,0.36410026530000617
2049,4,0,9.835730381466082e-06
2050,4,0,0.025041581320333833
2051,5,0,0.2117480143093375
2052,3,0,0.005754949846031042
2053,3,0,0.018869288775859645
2054,1,0,0.0005450361746593345
2055,1,0,0.0005582580895017318
2056,3,0,0.0003068762824134627
2057,3,0,0.008574073730029533
2058,2,0,0.013922589757416129
2059,5,0,0.0004812249608964045
2060,2,0,0.18766523585511802
2061,1,0,0.00022955970695061402
2062,1,0,4.9042610607764406e-05
2063,2,0,0.000560995779739369
2064,5,0,0.000641070954181808
2065,5,0,0.012340423559294952
2066,5,0,0.017050757314398653
2067,5,0,0.0012906215058460207
2068,3,1,0.9516030203526024
2069,2,0,0.0039134125248183865
2070,4,0,0.11791926285519458
2071,3,0,3.603450625584777e-05
2072,2,0,0.0005382222106501984
2073,1,0,0.0008498341290972328
2074,3,0,0.0005660387877391811
2075,3,0,0.0006315168327191429
2076,3,1,0.4256479349370217
2077,1,0,0.0028361276207036525
2078,4,0,0.019506121310300054
2079,3,0,0.3417231646556172
2080,5,0,0.0227095648998072
2081,2,0,0.24274379530077728
2082,4,0,4.611804505484893e-05
2083,4,1,0.9799869958894765
2084,2,0,0.076349974819395
2085,5,0,0.00025284370014258897
2086,5,1,0.2595293686029057
2087,3,0,0.00014837860057456245
2088,5,0,0.000103373800186515
2089,4,0,0.0363217113941986
2090,3,0,0.5492847751012674
2091,5,0,0.0014763213015527407
2092,1,0,0.0003777853629407561
2093,4,0,0.0018891157858166392
2094,2,1,0.4515316080138988
2095,2,0,0.33928024695315034
2096,5,0,0.017451530114974405
2097,1,0,0.011323424202916542
2098,1,0,0.05646349401694285
2099,1,1,0.3960585618930914
2100,5,0,0.08030987790846644
2101,2,0,0.03174104364326054
2102,5,0,0.01884660473044942
2103,4,0,0.00047844295983816314
2104,1,0,0.05462330644238422
2105,1,0,0.005828732548707577
2106,4,0,1.7151284413649508e-05
2107,4,1,0.23172963060155513
2108,2,0,0.0027327823382466538
2109,4,1,0.5070460794401757
2110,4,1,0.32404326741336753
2111,3,0,2.3036388855894493e-05
2112,4,0,0.0009664257388478313
2113,2,0,0.0027184252969077566
2114,5,0,0.43806079358328104
2115,5,0,0.0005043376767581091
2116,2,0,0.004794436288803837
2117,5,0,0.0007053266564146341
2118,1,1,0.9487120981821666
2119,2,0,0.01592578664929354
2120,5,0,0.1894173955194099
2121,3,0,0.0026752535950594425
2122,3,0,0.026107229035295644
2123,4,0,0.002542944406125151
2124,4,0,0.01652978484042775
2125,5,0,0.0004524146802487778
2126,4,0,0.0006015374207482862
2127,5,0,0.03215764209185169
2128,3,1,0.8614600108725664
2129,2,0,0.0010349823621336879
2130,1,1,0.31914426374215765
2131,1,1,0.42370892033528623
2132,4,0,0.038541274427947254
2133,1,0,0.04165969865149083
2134,5,0,0.0011721567118068432
2135,3,0,0.03294316975493358
2136,5,0,0.03035625821241739
2137,3,0,0.03176060829662653
2138,2,1,0.028426763896817458
2139,2,0,0.11872889441253955
2140,5,0,0.01245495000007992
2141,5,0,0.1672890284708419
2142,3,0,0.3413832004656662
2143,3,0,0.019829943254638913
2144,1,0,0.0010527828500586204
2145,4,1,0.528488586630501
2146,5,0,0.12675347155837607
2147,5,0,8.278681418217889e-05
2148,2,0,0.003152463037596293
2149,3,0,0.0035063615383366274
2150,3,0,0.0003888594076853187
2151,5,0,0.019026608714692746
2152,1,0,0.0019962984270368357
2153,4,0,0.0007480121170722727
2154,4,0,0.08082387440264384
2155,5,0,0.17650613074385246
2156,2,0,0.005124639016182581
2157,2,1,0.9004758198625956
2158,5,0,0.3312832696934785
2159,4,0,0.0040414295759363655
2160,3,0,0.019215625927891365
2161,1,0,0.001317901518958937
2162,1,0,0.022487698257609746
2163,1,0,0.0905651026119972
2164,3,0,0.35096483133948153
2165,1,0,0.0001334998390247432
2166,5,0,2.4755190915213227e-05
2167,4,0,0.12322331704867268
2168,3,0,0.0013496745084540125
2169,5,0,0.12111093480561283
2170,1,0,0.06788885356944056
2171,3,0,0.2838032745410625
2172,5,0,0.0015314321445640078
2173,2,1,0.9369658791714198
2174,3,0,0.01955295556072658
2175,2,0,0.03846104200723591
2176,4,0,7.192051390803513e-05
2177,1,0,0.02390227466530417
2178,4,0,0.016443586358679953
2179,3,0,0.09871811820925108
2180,5,0,0.1432395580885002
2181,1,1,0.9294766984857237
2182,3,0,0.0006579681894433517
2183,4,0,0.00034424317590234834
2184,5,0,0.0028023759502313022
2185,2,0,0.00013535886358743786
2186,1,0,0.03481156604967629
2187,5,0,0.03551974257902368
2188,5,0,0.19577210563722025
2189,1,0,0.007385274148923695
2190,4,0,0.0016602235986820787
2191,1,1,0.02252465653239464
2192,4,0,0.0048842700963430945
2193,4,0,0.001950319092855988
2194,2,1,0.9189174365975664
2195,1,0,0.03330714908724882
2196,2,0,0.0007810283993037198
2197,5,0,0.0007371672674459723
2198,2,0,0.16531834115292773
2199,2,1,0.2930507954776296
2200,3,0,0.00051750413962313
2201,5,0,0.397119994261026
2202,2,0,0.10968999584277543
2203,5,0,0.39400278596735056
2204,3,0,0.11740398382526497
2205,2,0,0.01972792119753043
2206,5,0,2.446619539329058e-05
2207,5,0,0.10917901190687616
2208,5,0,0.0137401325072838
2209,2,1,0.5961233528286689
2210,3,0,0.021343482463798497
2211,1,0,0.0071091787856465425
2212,5,0,0.030274165387954993
2213,2,1,0.45053793177722024
2214,4,0,0.22528836495649995
2215,1,0,0.007227336766313927
2216,3,0,0.0020144576574141976
2217,5,0,0.0018469345931882153
2218,2,0,0.0035662174447033666
2219,5,0,0.02506401292050079
2220,4,0,0.04365433119080924
2221,2,0,0.0208827863133166
2222,2,1,0.3949084876044975
2223,4,0,0.00048390063302797146
2224,4,1,0.9313707749989503
2225,2,1,0.4374750536267643
2226,1,0,0.00019564365994678188
2227,3,0,0.07575851771360412
2228,3,0,0.0011999483509808084
2229,2,0,0.00026665271359910313
2230,1,0,0.05973000761519796
2231,2,0,0.49768248602623044
2232,4,0,0.054674557585970895
2233,3,0,0.0652615109413186
2234,4,1,0.36981780395055586
2235,1,0,0.04303329961393186
2236,4,0,0.0056871813059584135
2237,3,0,0.011425178377850613
2238,5,0,0.11972276660902662
2239,2,1,0.2637039171894494
2240,1,0,2.0295071729107057e-05
2241,1,0,0.17801187406051458
2242,5,0,0.042883823612970516
2243,1,0,0.001669047912975167
2244,1,0,0.3179517404950283
2245,3,0,0.09469946045564742
2246,1,1,0.6259393773939128
2247,1,0,0.18713768642289885
2248,4,0,0.4364854762638396
2249,2,0,0.15594879905219125
2250,1,1,0.3571812023076159
2251,1,0,0.0005378665946438554
2252,4,0,0.2563065178902002
2253,5,0,0.0022932521638392854
2254,5,1,0.9346725345173963
2255,5,0,0.34525369146399526
2256,4,1,0.3105199634125243
2257,2,0,0.039486589915776533
2258,5,0,0.02838547899746612
2259,5,0,0.0005680657311394687
2260,4,1,0.49044900076904946
2261,3,0,0.024531861136164252
2262,2,1,0.21669324439433255
2263,4,0,0.011553109789440161
2264,4,0,1.706555277144337e-05
2265,1,0,0.016640506728704353
2266,4,1,0.8864818587523815
2267,5,0,0.03384531325739942
2268,5,0,0.06090589702371667
2269,3,0,0.027174269573342118
2270,5,1,0.7601381345426496
2271,4,0,0.022558161837047418
2272,1,0,0.00036247864503653
2273,2,0,0.0030706843072562428
2274,1,0,0.0007107156426598346
2275,1,0,5.4983729672584275e-05
2276,2,0,4.198442446893822e-05
2277,3,0,0.0034597275136595573
2278,3,0,0.07405497221427018
2279,4,0,0.0011476270295809217
2280,5,1,0.040741315174132244
2281,4,0,0.06768853046528435
2282,5,0,0.12459867060266243
2283,4,0,0.0009654926207277003
2284,4,0,0.027129106428987134
2285,5,0,0.05146027585510629
2286,1,1,0.4293027759175223
2287,4,0,0.0015301479628141025
2288,3,1,0.9381500274030613
2289,4,1,0.9783306751342719
2290,4,0,0.00042023628853888543
2291,5,0,0.012631780775214367
2292,2,0,0.01928881027099651
2293,4,0,0.11410611172093413
2294,5,0,0.0018195625272371886
2295,3,0,0.00045059652759686327
2296,5,0,0.03672001892804681
2297,3,0,0.0016967028473013862
2298,5,0,0.28931496391043593
2299,4,0,0.3517324724902786
2300,4,0,0.0003984394977975968
2301,4,0,0.007561454660370442
2302,5,0,0.1602828706624077
2303,2,0,0.9364406576341522
2304,5,0,0.0026194982532801838
2305,3,0,0.39284072027310146
2306,5,0,0.03125974344692357
2307,4,1,0.978149900947814
2308,5,0,0.00036188679757217417
2309,5,0,0.08107934473231591
2310,1,0,0.039222160067768484
2311,2,0,0.0014845570314013224
2312,4,0,0.00037196073510248887
2313,4,0,0.2134750676241902
2314,2,0,0.0219798914132415
2315,4,0,0.0007402417581666617
2316,4,0,0.0014493473280708614
2317,5,0,0.20654232802917302
2318,2,1,0.4626086945713071
2319,3,0,0.0020609515431231026
2320,2,0,0.06506502348632999
2321,2,0,0.0031155348461889194
2322,5,1,0.6032007410207469
2323,4,0,0.0024322287432538836
2324,4,0,0.017371485449687397
2325,4,0,0.02305597672480681
2326,3,0,0.0014047812158826617
2327,4,1,0.03045493419655304
2328,5,0,0.016189480368538497
2329,3,0,0.0034766667926992186
2330,4,0,0.07244420570094134
2331,4,0,0.002832579818404223
2332,4,0,2.2011238707784042e-05
2333,4,0,0.00026966321784132274
2334,5,1,0.19698839441070082
2335,2,1,0.34273533704641934
2336,4,0,0.024436400657922675
2337,1,1,0.9883814734940128
2338,5,0,0.00023450565993327546
2339,5,0,0.0019596663668407575
2340,5,0,0.0014219220124086949
2341,4,0,0.019012198706560735
2342,5,0,0.4269197823517914
2343,2,0,0.0007543667565364798
2344,2,0,0.048486820010646976
2345,3,0,0.18708840645656033
2346,5,0,0.0008262968734395398
2347,2,0,0.20316919915251924
2348,2,0,0.0030151721121500596
2349,2,0,0.0018642520343821673
2350,5,0,0.001463672532494871
2351,3,0,0.005389327578246056
2352,3,0,0.0003733067932099892
2353,5,0,0.013742827879080209
2354,5,0,0.2499809983016927
2355,3,0,0.0027172966616650883
2356,2,0,0.0017805515960054683
2357,3,0,0.0020251066947206877
2358,2,0,0.00033818960471891917
2359,3,0,0.05463467055593081
2360,4,0,0.0008317945776223366
2361,5,1,0.9239764254220121
2362,2,0,0.04208484382642435
2363,5,0,0.020156840215798045
2364,4,1,0.9848047864728592
2365,4,0,0.009337800272661519
2366,2,0,0.0028179470250340537
2367,5,0,0.00016159621928841527
2368,5,0,0.031381325166522575
2369,1,0,0.010625344285705446
2370,5,1,0.43010785543943275
2371,3,0,0.027613012932711612
2372,2,0,2.035173691669215e-05
2373,3,0,0.19622917663145534
2374,2,0,0.22864561612129283
2375,5,1,0.3345896977282793
2376,1,1,0.3360340861032699
2377,4,1,0.4846545284560203
2378,3,1,0.9442065141525183
2379,3,0,0.0025842713033444476
2380,4,0,0.02783547771737449
2381,5,0,0.00380463763348877
2382,4,1,0.1352324261557758
2383,4,0,0.45343175659099566
2384,4,1,0.33281859147424325
2385,3,0,0.032146726889655516
2386,4,0,0.006497804387635238
2387,5,0,0.0025683341873442675
2388,3,0,0.9026506058172629
2389,1,0,0.0017562809632637063
2390,1,0,0.020998438879113176
2391,2,0,0.00040006450562483995
2392,3,0,0.0001733476889959296
2393,1,0,4.068877325846276e-05
2394,2,0,0.003626234618995492
2395,5,0,0.0009261221313633314
2396,3,0,0.01263713909945666
2397,3,0,0.14235213395892582
2398,5,1,0.969235049965631
2399,5,0,0.04387018514752644
2400,2,0,3.947421052146994e-05
2401,4,0,0.01254298214090944
2402,2,1,0.3114639360144516
2403,5,0,0.009530561211723385
2404,2,0,8.675363331914883e-05
2405,1,1,0.943609515234781
2406,5,0,0.026005135926206974
2407,3,0,0.07136125994891454
2408,4,0,0.45787771020860807
2409,5,0,0.0025683341873442675
2410,2,0,0.0018271332374045597
2411,5,0,0.0007796451090071084
2412,2,0,2.127687588504838e-05
2413,1,0,0.25256550294087693
2414,2,0,0.002285868011187382
2415,5,0,0.020320085242261744
2416,4,0,0.0005153840419872969
2417,1,0,0.0055242125136811685
2418,2,0,0.027683829210712066
2419,3,0,0.00013542328153465935
2420,3,0,0.019308148685463208
2421,3,0,0.430224461356177
2422,2,0,0.00037352222272133117
2423,5,0,0.001168578535421692
2424,1,0,0.1329594175895335
2425,1,0,0.20503409249954022
2426,2,1,0.945402276772784
2427,3,0,0.07754083551683476
2428,1,0,0.0006103697879752091
2429,3,0,0.000863584371299793
2430,1,0,0.029552087907366402
2431,4,0,0.0004934583764902655
2432,5,0,0.024563615175385585
2433,1,0,0.41258101252903934
2434,2,1,0.2951819045255446
2435,1,0,0.0003167185165425368
2436,4,0,0.39245788906335843
2437,3,1,0.9006989068961929
2438,1,0,0.3089504263981148
2439,4,0,0.0008929054573983697
2440,3,0,0.2699530508796517
2441,4,0,0.001118005896627168
2442,5,0,0.0014542426172665084
2443,3,0,0.003218310620463124
2444,4,0,0.02246436049180357
2445,1,0,0.003286879250173522
2446,3,0,0.18649251138789935
2447,2,0,0.00029119304168308627
2448,1,0,0.0003336469365696741
2449,2,1,0.5370011770337342
2450,2,0,0.004354331685299376
2451,2,0,0.28789954797469597
2452,4,1,0.5483718509588994
2453,5,1,0.294348008841851
2454,3,0,0.01839063466819251
2455,3,0,0.006584309305337363
2456,1,0,0.01514716988762952
2457,3,0,0.0013184368407967136
2458,4,0,0.01919949289334248
2459,2,0,0.00121051963500969
2460,2,0,0.02461010024501387
2461,3,0,0.017698021097471234
2462,5,0,0.15215988739508277
2463,1,0,0.4821380566585138
2464,1,0,0.0008970778202228117
2465,4,0,0.2819013648589338
2466,2,0,0.0002699519450681547
2467,4,0,0.012396495208421432
2468,3,0,0.0026385355863380896
2469,3,0,0.018800471769335168
2470,4,0,0.0033300745734497934
2471,5,0,0.0010658526584887637
2472,1,0,0.1251767107856699
2473,2,0,0.05204049884140804
2474,4,0,0.0014917156901390403
2475,4,0,0.01881592494362282
2476,4,0,0.29128009675956373
2477,4,1,0.02341977337646271
2478,5,0,0.0009191669591169502
2479,1,0,0.0006889614740480299
2480,5,0,0.21060143011223448
2481,2,0,0.004310897850968893
2482,4,0,1.9205244371700708e-05
2483,5,0,0.1754165087517641
2484,2,0,0.0006123928476137402
2485,4,0,0.45536016199821
2486,3,0,0.0010733580318986022
2487,2,1,0.21151610772922605
2488,5,0,0.001553183756668552
2489,2,0,2.2963684453050674e-05
2490,1,0,0.0022998869281684836
2491,5,0,0.025831429607783275
2492,3,0,0.2684867284570628
2493,1,1,0.9293426710072145
2494,5,0,7.917489332519103e-05
2495,4,1,0.40409493987693534
2496,3,0,0.009726171270639246
2497,2,0,0.006559149191266206
2498,2,0,0.3005295299638731
2499,1,0,0.00019923606269697924
2500,2,0,0.13098090122093697
2501,3,0,0.04609016499572801
2502,5,1,0.42200770128350323
2503,3,0,0.21980993043684297
2504,3,0,0.0009751650959546925
2505,4,0,0.33274134202278827
2506,2,0,0.002107925157595654
2507,4,0,0.043391667414559146
2508,1,0,0.00659699011773381
2509,4,0,0.0008051984844878454
2510,1,0,0.009773579450044634
2511,3,0,0.049577589265424216
2512,2,0,0.08539086858718915
2513,4,0,0.10424940894083633
2514,3,0,0.003748111940504024
2515,3,0,0.0010882347844321557
2516,4,0,0.008535049891122984
2517,2,1,0.47941324683331227
2518,5,1,0.2832954631670532
2519,3,0,0.410581495975236
