threshold,precision,recall,fp,fn,tp,tn
0.0,0.3,1.0,560,0,240,0
0.0117806092470594,0.3,1.0,560,0,240,0
0.01470208054559648,0.30037546933667086,1.0,559,0,240,1
0.015180723031865722,0.3007518796992481,1.0,558,0,240,2
0.016812262283655448,0.30112923462986196,1.0,557,0,240,3
0.017644358655774503,0.3015075376884422,1.0,556,0,240,4
0.019036459009434296,0.3018867924528302,1.0,555,0,240,5
0.021981981929904405,0.3022670025188917,1.0,554,0,240,6
0.022158361089389015,0.3026481715006305,1.0,553,0,240,7
0.02326078811384962,0.30303030303030304,1.0,552,0,240,8
0.02882481198210115,0.3034134007585335,1.0,551,0,240,9
0.029529287915429435,0.3037974683544304,1.0,550,0,240,10
0.03229154592193114,0.3041825095057034,1.0,549,0,240,11
0.036738271924068824,0.30456852791878175,1.0,548,0,240,12
0.03677254096297519,0.30495552731893266,1.0,547,0,240,13
0.039327157528992636,0.3053435114503817,1.0,546,0,240,14
0.039479688992680506,0.3057324840764331,1.0,545,0,240,15
0.041116014334991624,0.30612244897959184,1.0,544,0,240,16
0.0419183500429988,0.3065134099616858,1.0,543,0,240,17
0.04418043370565748,0.3069053708439898,1.0,542,0,240,18
0.045440385268711685,0.3072983354673495,1.0,541,0,240,19
0.047707431020949195,0.3076923076923077,1.0,540,0,240,20
0.05074542678042185,0.3080872913992298,1.0,539,0,240,21
0.051110214624170584,0.30848329048843187,1.0,538,0,240,22
0.052602190517451165,0.3088803088803089,1.0,537,0,240,23
0.05276248624118585,0.30927835051546393,1.0,536,0,240,24
0.055256019517145316,0.3096774193548387,1.0,535,0,240,25
0.05540152671987373,0.31007751937984496,1.0,534,0,240,26
0.055433756822208566,0.31047865459249674,1.0,533,0,240,27
0.05669779569744412,0.31088082901554404,1.0,532,0,240,28
0.056714977796600737,0.311284046692607,1.0,531,0,240,29
0.05865098953498421,0.3116883116883117,1.0,530,0,240,30
0.05884612446948884,0.31209362808842656,1.0,529,0,240,31
0.058985958582542936,0.3125,1.0,528,0,240,32
0.06098670117028515,0.31290743155149936,1.0,527,0,240,33
0.061531298816953885,0.3133159268929504,1.0,526,0,240,34
0.06249963577268233,0.31241830065359477,0.9958333333333333,526,1,239,34
0.0635718135195391,0.31282722513089006,0.9958333333333333,525,1,239,35
0.0639973205878284,0.3132372214941022,0.9958333333333333,524,1,239,36
0.06417336432371262,0.3136482939632546,0.9958333333333333,523,1,239,37
0.0653548109421237,0.3140604467805519,0.9958333333333333,522,1,239,38
0.06632109059394517,0.3144736842105263,0.9958333333333333,521,1,239,39
0.06711143592790018,0.31488801054018445,0.9958333333333333,520,1,239,40
0.06811161673676508,0.3153034300791557,0.9958333333333333,519,1,239,41
0.06853241332967061,0.3157199471598415,0.9958333333333333,518,1,239,42
0.06854834886965366,0.31613756613756616,0.9958333333333333,517,1,239,43
0.06861842076451727,0.3165562913907285,0.9958333333333333,516,1,239,44
0.06877307141014967,0.3169761273209549,0.9958333333333333,515,1,239,45
0.07026298908974152,0.31739707835325365,0.9958333333333333,514,1,239,46
0.07115202542148814,0.3178191489361702,0.9958333333333333,513,1,239,47
0.07192307828398531,0.3182423435419441,0.9958333333333333,512,1,239,48
0.07468496853207265,0.31866666666666665,0.9958333333333333,511,1,239,49
0.07503006446261078,0.3190921228304406,0.9958333333333333,510,1,239,50
0.07526030121485869,0.3195187165775401,0.9958333333333333,509,1,239,51
0.07631013438631636,0.31994645247657294,0.9958333333333333,508,1,239,52
0.07742525883820021,0.3203753351206434,0.9958333333333333,507,1,239,53
0.07995601801162042,0.3208053691275168,0.9958333333333333,506,1,239,54
0.08066309981663417,0.32123655913978494,0.9958333333333333,505,1,239,55
0.08256791910115362,0.32166890982503366,0.9958333333333333,504,1,239,56
0.08324302447613093,0.3221024258760108,0.9958333333333333,503,1,239,57
0.08432281597805336,0.3225371120107962,0.9958333333333333,502,1,239,58
0.08457855434123182,0.32297297297297295,0.9958333333333333,501,1,239,59
0.08464874614822558,0.3234100135317997,0.9958333333333333,500,1,239,60
0.08482691772354163,0.3238482384823848,0.9958333333333333,499,1,239,61
0.08553127147495378,0.3242876526458616,0.9958333333333333,498,1,239,62
0.08558180907545979,0.32472826086956524,0.9958333333333333,497,1,239,63
0.08595489418885106,0.3251700680272109,0.9958333333333333,496,1,239,64
0.08597840192944803,0.3242506811989101,0.9916666666666667,496,2,238,64
0.09003815237672311,0.3246930422919509,0.9916666666666667,495,2,238,65
0.09032439729284665,0.3251366120218579,0.9916666666666667,494,2,238,66
0.09054960980315847,0.32558139534883723,0.9916666666666667,493,2,238,67
0.0908928497184703,0.32602739726027397,0.9916666666666667,492,2,238,68
0.09092347090210794,0.32647462277091904,0.9916666666666667,491,2,238,69
0.09129697758790938,0.3269230769230769,0.9916666666666667,490,2,238,70
0.09161630170222211,0.32737276478679506,0.9916666666666667,489,2,238,71
0.09301836629006624,0.3278236914600551,0.9916666666666667,488,2,238,72
0.09358664363342231,0.32827586206896553,0.9916666666666667,487,2,238,73
0.09458116970798984,0.3287292817679558,0.9916666666666667,486,2,238,74
0.09459590639531663,0.32918395573997233,0.9916666666666667,485,2,238,75
0.09534309017050416,0.3296398891966759,0.9916666666666667,484,2,238,76
0.09554404828933005,0.3300970873786408,0.9916666666666667,483,2,238,77
0.09554524760810124,0.33055555555555555,0.9916666666666667,482,2,238,78
0.09608942418677935,0.33101529902642557,0.9916666666666667,481,2,238,79
0.0966580068123085,0.33147632311977715,0.9916666666666667,480,2,238,80
0.09671628103960322,0.3319386331938633,0.9916666666666667,479,2,238,81
0.09708173253633377,0.3324022346368715,0.9916666666666667,478,2,238,82
0.09819375731201922,0.3328671328671329,0.9916666666666667,477,2,238,83
0.09822410286685475,0.3333333333333333,0.9916666666666667,476,2,238,84
0.09886202241136297,0.3338008415147265,0.9916666666666667,475,2,238,85
0.0991143189299077,0.3342696629213483,0.9916666666666667,474,2,238,86
0.09969712541917027,0.33473980309423346,0.9916666666666667,473,2,238,87
0.09994439612563942,0.33380281690140845,0.9875,473,3,237,87
0.09995160761841745,0.3342736248236953,0.9875,472,3,237,88
0.10021830699121273,0.3347457627118644,0.9875,471,3,237,89
0.10024666548726419,0.3352192362093352,0.9875,470,3,237,90
0.10219373185623738,0.3356940509915014,0.9875,469,3,237,91
0.10361421266231857,0.3347517730496454,0.9833333333333333,469,4,236,91
0.10424080706923575,0.3352272727272727,0.9833333333333333,468,4,236,92
0.10460891442668056,0.3357041251778094,0.9833333333333333,467,4,236,93
0.10644538259026215,0.33618233618233617,0.9833333333333333,466,4,236,94
0.1065890189667382,0.33666191155492153,0.9833333333333333,465,4,236,95
0.10745154520520127,0.33714285714285713,0.9833333333333333,464,4,236,96
0.10776434833089062,0.3376251788268956,0.9833333333333333,463,4,236,97
0.10970830936781918,0.33810888252148996,0.9833333333333333,462,4,236,98
0.11078520332808164,0.33715925394548063,0.9791666666666666,462,5,235,98
0.11129013862181421,0.33764367816091956,0.9791666666666666,461,5,235,99
0.11252819831398972,0.3381294964028777,0.9791666666666666,460,5,235,100
0.11576473231751143,0.33861671469740634,0.9791666666666666,459,5,235,101
0.11642968435312699,0.33910533910533913,0.9791666666666666,458,5,235,102
0.1167551884327954,0.33959537572254334,0.9791666666666666,457,5,235,103
0.11806889848927588,0.34008683068017365,0.9791666666666666,456,5,235,104
0.1188391623696673,0.34057971014492755,0.9791666666666666,455,5,235,105
0.11973985438887862,0.34107402031930334,0.9791666666666666,454,5,235,106
0.12088609429192444,0.34011627906976744,0.975,454,6,234,106
0.12190639386254977,0.33915574963609896,0.9708333333333333,454,7,233,106
0.12198459397392727,0.3396501457725947,0.9708333333333333,453,7,233,107
0.12280485713277715,0.3386861313868613,0.9666666666666667,453,8,232,107
0.12340066748972513,0.3391812865497076,0.9666666666666667,452,8,232,108
0.123707850646082,0.3396778916544656,0.9666666666666667,451,8,232,109
0.12560301520522663,0.34017595307917886,0.9666666666666667,450,8,232,110
0.12627623504010657,0.3406754772393539,0.9666666666666667,449,8,232,111
0.1266750571237685,0.3397058823529412,0.9625,449,9,231,111
0.1269497693691177,0.3402061855670103,0.9625,448,9,231,112
0.1272193950915206,0.3407079646017699,0.9625,447,9,231,113
0.12774856285031602,0.3412112259970458,0.9625,446,9,231,114
0.129037726289807,0.34171597633136097,0.9625,445,9,231,115
0.12924954920942439,0.3422222222222222,0.9625,444,9,231,116
0.13096206393340168,0.34124629080118696,0.9583333333333334,444,10,230,116
0.13122379528218955,0.34175334323922735,0.9583333333333334,443,10,230,117
0.13174436433779269,0.34226190476190477,0.9583333333333334,442,10,230,118
0.13309108260082853,0.3412816691505216,0.9541666666666667,442,11,229,118
0.13396398679383456,0.3417910447761194,0.9541666666666667,441,11,229,119
0.13427038877372702,0.3423019431988042,0.9541666666666667,440,11,229,120
0.13429611923104925,0.34281437125748504,0.9541666666666667,439,11,229,121
0.13433962830902949,0.34332833583208394,0.9541666666666667,438,11,229,122
0.13456933211638347,0.34384384384384387,0.9541666666666667,437,11,229,123
0.13537708540477877,0.3443609022556391,0.9541666666666667,436,11,229,124
0.1354728345596972,0.34487951807228917,0.9541666666666667,435,11,229,125
0.13666570454635124,0.3453996983408748,0.9541666666666667,434,11,229,126
0.1374326061437514,0.3459214501510574,0.9541666666666667,433,11,229,127
0.13811997455314237,0.3464447806354009,0.9541666666666667,432,11,229,128
0.13833313333050154,0.346969696969697,0.9541666666666667,431,11,229,129
0.14022608572678985,0.34749620637329287,0.9541666666666667,430,11,229,130
0.14028068039114408,0.34802431610942247,0.9541666666666667,429,11,229,131
0.14142696170128172,0.3485540334855403,0.9541666666666667,428,11,229,132
0.1417632112326064,0.3490853658536585,0.9541666666666667,427,11,229,133
0.142118017505407,0.34961832061068704,0.9541666666666667,426,11,229,134
0.14233372802876404,0.35015290519877673,0.9541666666666667,425,11,229,135
0.14272254326582132,0.35068912710566613,0.9541666666666667,424,11,229,136
0.14287975067645012,0.3512269938650307,0.9541666666666667,423,11,229,137
0.14327133862138627,0.35176651305683565,0.9541666666666667,422,11,229,138
0.1436512602747158,0.3523076923076923,0.9541666666666667,421,11,229,139
0.14517472108899232,0.35285053929121724,0.9541666666666667,420,11,229,140
0.14546503770834504,0.3533950617283951,0.9541666666666667,419,11,229,141
0.14582738082860794,0.35394126738794435,0.9541666666666667,418,11,229,142
0.14585354006266543,0.3544891640866873,0.9541666666666667,417,11,229,143
0.14626640418766162,0.3550387596899225,0.9541666666666667,416,11,229,144
0.14672633841652152,0.3555900621118012,0.9541666666666667,415,11,229,145
0.14730914197612782,0.3561430793157076,0.9541666666666667,414,11,229,146
0.1493194551550063,0.35669781931464173,0.9541666666666667,413,11,229,147
0.14958837515713158,0.35725429017160687,0.9541666666666667,412,11,229,148
0.1496407820688242,0.3578125,0.9541666666666667,411,11,229,149
0.15030897093117632,0.35837245696400627,0.9541666666666667,410,11,229,150
0.1505876935784219,0.35893416927899685,0.9541666666666667,409,11,229,151
0.15088806656258652,0.3579277864992151,0.95,409,12,228,151
0.1515063875136291,0.3584905660377358,0.95,408,12,228,152
0.15235855021465064,0.3590551181102362,0.95,407,12,228,153
0.15280307770047258,0.35962145110410093,0.95,406,12,228,154
0.15324135859200821,0.36018957345971564,0.95,405,12,228,155
0.15349323288096375,0.36075949367088606,0.95,404,12,228,156
0.1550605573756313,0.3613312202852615,0.95,403,12,228,157
0.15512685373062776,0.3619047619047619,0.95,402,12,228,158
0.155408868240654,0.3624801271860095,0.95,401,12,228,159
0.1556278413410831,0.3614649681528662,0.9458333333333333,401,13,227,159
0.15576769592393347,0.3620414673046252,0.9458333333333333,400,13,227,160
0.1562118992351998,0.36261980830670926,0.9458333333333333,399,13,227,161
0.15621817375764444,0.3632,0.9458333333333333,398,13,227,162
0.15626232718708138,0.36378205128205127,0.9458333333333333,397,13,227,163
0.15688362636583944,0.36436597110754415,0.9458333333333333,396,13,227,164
0.15773770916599456,0.364951768488746,0.9458333333333333,395,13,227,165
0.1586269633553907,0.36553945249597425,0.9458333333333333,394,13,227,166
0.15987914518298363,0.36612903225806454,0.9458333333333333,393,13,227,167
0.1600812871114086,0.3667205169628433,0.9458333333333333,392,13,227,168
0.16095381014907303,0.3673139158576052,0.9458333333333333,391,13,227,169
0.16202490428091532,0.3679092382495948,0.9458333333333333,390,13,227,170
0.1629483206108726,0.3685064935064935,0.9458333333333333,389,13,227,171
0.16397816060850834,0.36910569105691055,0.9458333333333333,388,13,227,172
0.16455238899809793,0.3697068403908795,0.9458333333333333,387,13,227,173
0.16490983450645974,0.3703099510603589,0.9458333333333333,386,13,227,174
0.16567741335738406,0.3709150326797386,0.9458333333333333,385,13,227,175
0.16608260747519277,0.37152209492635024,0.9458333333333333,384,13,227,176
0.16641132053456303,0.3721311475409836,0.9458333333333333,383,13,227,177
0.16644460787378096,0.3727422003284072,0.9458333333333333,382,13,227,178
0.1667104933837876,0.37335526315789475,0.9458333333333333,381,13,227,179
0.16684417229826926,0.37397034596375617,0.9458333333333333,380,13,227,180
0.1669425632509779,0.37458745874587457,0.9458333333333333,379,13,227,181
0.167428678640175,0.3752066115702479,0.9458333333333333,378,13,227,182
0.16801954285041554,0.3758278145695364,0.9458333333333333,377,13,227,183
0.16830323719686463,0.37645107794361526,0.9458333333333333,376,13,227,184
0.16850710896489837,0.3770764119601329,0.9458333333333333,375,13,227,185
0.17040492975869903,0.3777038269550749,0.9458333333333333,374,13,227,186
0.17085765902229566,0.37833333333333335,0.9458333333333333,373,13,227,187
0.17178159544731647,0.3772954924874791,0.9416666666666667,373,14,226,187
0.172037066512925,0.3779264214046823,0.9416666666666667,372,14,226,188
0.17213481200489011,0.3785594639865997,0.9416666666666667,371,14,226,189
0.1723796788412126,0.37919463087248323,0.9416666666666667,370,14,226,190
0.17269495481731503,0.3798319327731092,0.9416666666666667,369,14,226,191
0.172755218982977,0.38047138047138046,0.9416666666666667,368,14,226,192
0.17343069048802412,0.3811129848229342,0.9416666666666667,367,14,226,193
0.17394309335053007,0.38175675675675674,0.9416666666666667,366,14,226,194
0.17414485092856472,0.38071065989847713,0.9375,366,15,225,194
0.17426468703384568,0.3813559322033898,0.9375,365,15,225,195
0.1743706881949263,0.38200339558573854,0.9375,364,15,225,196
0.17466500608022287,0.3826530612244898,0.9375,363,15,225,197
0.17475209917381115,0.3833049403747871,0.9375,362,15,225,198
0.17551874585837415,0.3839590443686007,0.9375,361,15,225,199
0.17576584300527773,0.38461538461538464,0.9375,360,15,225,200
0.17586468719475892,0.3852739726027397,0.9375,359,15,225,201
0.17728188662207955,0.38593481989708406,0.9375,358,15,225,202
0.17834474365040326,0.3865979381443299,0.9375,357,15,225,203
0.17922675472066898,0.387263339070568,0.9375,356,15,225,204
0.1792631345060998,0.38620689655172413,0.9333333333333333,356,16,224,204
0.17928545518593403,0.38687392055267705,0.9333333333333333,355,16,224,205
0.1804845242926118,0.3875432525951557,0.9333333333333333,354,16,224,206
0.1805339423888372,0.3882149046793761,0.9333333333333333,353,16,224,207
0.180840353094808,0.3888888888888889,0.9333333333333333,352,16,224,208
0.18121813709824772,0.38956521739130434,0.9333333333333333,351,16,224,209
0.18182480186353805,0.3902439024390244,0.9333333333333333,350,16,224,210
0.1829729580844334,0.39092495636998253,0.9333333333333333,349,16,224,211
0.18304612428172914,0.3916083916083916,0.9333333333333333,348,16,224,212
0.18318180730987574,0.3922942206654991,0.9333333333333333,347,16,224,213
0.18341585182821188,0.3929824561403509,0.9333333333333333,346,16,224,214
0.18400907368223157,0.39191564147627417,0.9291666666666667,346,17,223,214
0.1860083123336143,0.3926056338028169,0.9291666666666667,345,17,223,215
0.18630592540853538,0.3932980599647266,0.9291666666666667,344,17,223,216
0.18637301757682434,0.39399293286219084,0.9291666666666667,343,17,223,217
0.1865868450243534,0.39469026548672564,0.9291666666666667,342,17,223,218
0.1873110202643357,0.39361702127659576,0.925,342,18,222,218
0.18930588004012108,0.39431616341030196,0.925,341,18,222,219
0.18976375012926558,0.39501779359430605,0.925,340,18,222,220
0.19167055802729668,0.39572192513368987,0.925,339,18,222,221
0.19174836401478457,0.3964285714285714,0.925,338,18,222,222
0.19176979635388536,0.39713774597495527,0.925,337,18,222,223
0.19187908473704107,0.3960573476702509,0.9208333333333333,337,19,221,223
0.1922831140252472,0.39676840215439857,0.9208333333333333,336,19,221,224
0.19363033792539064,0.39748201438848924,0.9208333333333333,335,19,221,225
0.19479211137008023,0.3963963963963964,0.9166666666666666,335,20,220,225
0.19479581605532545,0.3971119133574007,0.9166666666666666,334,20,220,226
0.19516689364504514,0.39783001808318263,0.9166666666666666,333,20,220,227
0.19546699811680718,0.39855072463768115,0.9166666666666666,332,20,220,228
0.19551393387379024,0.3992740471869328,0.9166666666666666,331,20,220,229
0.19666958936844461,0.4,0.9166666666666666,330,20,220,230
0.1969782245256764,0.4007285974499089,0.9166666666666666,329,20,220,231
0.19887725689462263,0.40145985401459855,0.9166666666666666,328,20,220,232
0.19947933992985373,0.40219378427787933,0.9166666666666666,327,20,220,233
0.19955905857398282,0.40293040293040294,0.9166666666666666,326,20,220,234
0.20186826366804234,0.4036697247706422,0.9166666666666666,325,20,220,235
0.2026085851653499,0.40441176470588236,0.9166666666666666,324,20,220,236
0.20269273085437386,0.40515653775322286,0.9166666666666666,323,20,220,237
0.20446961935616187,0.4059040590405904,0.9166666666666666,322,20,220,238
0.20469140499243874,0.4066543438077634,0.9166666666666666,321,20,220,239
0.20511798110474577,0.40555555555555556,0.9125,321,21,219,239
0.20541152264187076,0.40630797773654914,0.9125,320,21,219,240
0.2057997861763137,0.4070631970260223,0.9125,319,21,219,241
0.20612764546383122,0.40782122905027934,0.9125,318,21,219,242
0.2061530004787959,0.4085820895522388,0.9125,317,21,219,243
0.20753000760229612,0.4074766355140187,0.9083333333333333,317,22,218,243
0.2080281801155939,0.40823970037453183,0.9083333333333333,316,22,218,244
0.20851600607630139,0.4090056285178236,0.9083333333333333,315,22,218,245
0.20978198838898043,0.40789473684210525,0.9041666666666667,315,23,217,245
0.21050331256369276,0.4086629001883239,0.9041666666666667,314,23,217,246
0.21074302072916043,0.40943396226415096,0.9041666666666667,313,23,217,247
0.21128303412572863,0.4102079395085066,0.9041666666666667,312,23,217,248
0.2113519023385979,0.4109848484848485,0.9041666666666667,311,23,217,249
0.21184087352368033,0.4117647058823529,0.9041666666666667,310,23,217,250
0.21230432301915056,0.41254752851711024,0.9041666666666667,309,23,217,251
0.21237623447784684,0.41333333333333333,0.9041666666666667,308,23,217,252
0.2124014298927404,0.41412213740458015,0.9041666666666667,307,23,217,253
0.21296095015327735,0.4149139579349904,0.9041666666666667,306,23,217,254
0.2129904354007422,0.4157088122605364,0.9041666666666667,305,23,217,255
0.2131554852382666,0.4165067178502879,0.9041666666666667,304,23,217,256
0.21422233873293278,0.4173076923076923,0.9041666666666667,303,23,217,257
0.21448565010016304,0.41811175337186895,0.9041666666666667,302,23,217,258
0.21504634420327107,0.4189189189189189,0.9041666666666667,301,23,217,259
0.2150601322171117,0.41779497098646035,0.9,301,24,216,259
0.21602258373639324,0.4186046511627907,0.9,300,24,216,260
0.21743898316687402,0.41941747572815535,0.9,299,24,216,261
0.2181638510606648,0.42023346303501946,0.9,298,24,216,262
0.2188184287222968,0.42105263157894735,0.9,297,24,216,263
0.2190200877372982,0.419921875,0.8958333333333334,297,25,215,263
0.2190949950537618,0.4207436399217221,0.8958333333333334,296,25,215,264
0.21991426582040513,0.4215686274509804,0.8958333333333334,295,25,215,265
0.22000338846851006,0.4204322200392927,0.8916666666666667,295,26,214,265
0.22041144878743654,0.41929133858267714,0.8875,295,27,213,265
0.22191226280880225,0.42011834319526625,0.8875,294,27,213,266
0.22394419066626495,0.4189723320158103,0.8833333333333333,294,28,212,266
0.22477835031450122,0.4198019801980198,0.8833333333333333,293,28,212,267
0.22513587540825103,0.41865079365079366,0.8791666666666667,293,29,211,267
0.22623435661373306,0.4194831013916501,0.8791666666666667,292,29,211,268
0.22692723827993372,0.4203187250996016,0.8791666666666667,291,29,211,269
0.2273207373351979,0.42115768463073855,0.8791666666666667,290,29,211,270
0.22781761892938956,0.422,0.8791666666666667,289,29,211,271
0.22836773347441852,0.4228456913827655,0.8791666666666667,288,29,211,272
0.22892036205421093,0.42369477911646586,0.8791666666666667,287,29,211,273
0.22936629863806804,0.4245472837022133,0.8791666666666667,286,29,211,274
0.22973651083193092,0.4254032258064516,0.8791666666666667,285,29,211,275
0.2298755322435712,0.4262626262626263,0.8791666666666667,284,29,211,276
0.23053240919967158,0.4271255060728745,0.8791666666666667,283,29,211,277
0.231310342256995,0.4279918864097363,0.8791666666666667,282,29,211,278
0.23140250522445616,0.42886178861788615,0.8791666666666667,281,29,211,279
0.23164989322299923,0.42973523421588594,0.8791666666666667,280,29,211,280
0.2317551289586652,0.42857142857142855,0.875,280,30,210,280
0.23252743333986403,0.4294478527607362,0.875,279,30,210,281
0.23281366561951972,0.430327868852459,0.875,278,30,210,282
0.23386746726118782,0.43121149897330596,0.875,277,30,210,283
0.2339566879002216,0.43209876543209874,0.875,276,30,210,284
0.23440837448801527,0.4329896907216495,0.875,275,30,210,285
0.2350282484976687,0.43388429752066116,0.875,274,30,210,286
0.23602798137433773,0.43478260869565216,0.875,273,30,210,287
0.23741972950705847,0.43568464730290457,0.875,272,30,210,288
0.23773297019251585,0.4365904365904366,0.875,271,30,210,289
0.23892425908628073,0.4375,0.875,270,30,210,290
0.2390379292446119,0.4384133611691023,0.875,269,30,210,291
0.2394063007640298,0.4393305439330544,0.875,268,30,210,292
0.24008048644696475,0.44025157232704404,0.875,267,30,210,293
0.24090099831270462,0.4411764705882353,0.875,266,30,210,294
0.241205192230216,0.4421052631578947,0.875,265,30,210,295
0.2412264725705756,0.4430379746835443,0.875,264,30,210,296
0.24214631282061622,0.4439746300211416,0.875,263,30,210,297
0.2427989914021968,0.4427966101694915,0.8708333333333333,263,31,209,297
0.24308104816253376,0.4437367303609342,0.8708333333333333,262,31,209,298
0.24310302058527808,0.44468085106382976,0.8708333333333333,261,31,209,299
0.24317435925788483,0.44562899786780386,0.8708333333333333,260,31,209,300
0.24363975685329323,0.4465811965811966,0.8708333333333333,259,31,209,301
0.2442607017568669,0.4475374732334047,0.8708333333333333,258,31,209,302
0.24461422038978892,0.44849785407725323,0.8708333333333333,257,31,209,303
0.2453457319465933,0.44946236559139785,0.8708333333333333,256,31,209,304
0.24605837830799707,0.4482758620689655,0.8666666666666667,256,32,208,304
0.24629089912296193,0.4470842332613391,0.8625,256,33,207,304
0.24733618232882462,0.4458874458874459,0.8583333333333333,256,34,206,304
0.24839083128041514,0.44468546637744033,0.8541666666666666,256,35,205,304
0.24902677928833916,0.44565217391304346,0.8541666666666666,255,35,205,305
0.24919362094617223,0.4466230936819172,0.8541666666666666,254,35,205,306
0.24932115107385514,0.44759825327510916,0.8541666666666666,253,35,205,307
0.25098276409676246,0.4485776805251641,0.8541666666666666,252,35,205,308
0.25098673924620435,0.44956140350877194,0.8541666666666666,251,35,205,309
0.2544223742610412,0.44835164835164837,0.85,251,36,204,309
0.2555122023644759,0.44933920704845814,0.85,250,36,204,310
0.2572017826380741,0.4503311258278146,0.85,249,36,204,311
0.25859092000168615,0.45132743362831856,0.85,248,36,204,312
0.25891047667914296,0.4523281596452328,0.85,247,36,204,313
0.2591282532166118,0.4533333333333333,0.85,246,36,204,314
0.25959446764358546,0.45434298440979953,0.85,245,36,204,315
0.2599086854451342,0.45535714285714285,0.85,244,36,204,316
0.2619120446585236,0.4563758389261745,0.85,243,36,204,317
0.26335216024860375,0.45739910313901344,0.85,242,36,204,318
0.26479060953169653,0.45617977528089887,0.8458333333333333,242,37,203,318
0.264902780113674,0.4572072072072072,0.8458333333333333,241,37,203,319
0.2654432360906622,0.45598194130925507,0.8416666666666667,241,38,202,319
0.2655123740997617,0.45701357466063347,0.8416666666666667,240,38,202,320
0.2655742103115719,0.4580498866213152,0.8416666666666667,239,38,202,321
0.2657422203023247,0.4590909090909091,0.8416666666666667,238,38,202,322
0.26636882390313177,0.4601366742596811,0.8416666666666667,237,38,202,323
0.2676942241726365,0.4611872146118721,0.8416666666666667,236,38,202,324
0.26769588701908037,0.4622425629290618,0.8416666666666667,235,38,202,325
0.26916405369236157,0.4610091743119266,0.8375,235,39,201,325
0.2701010470067698,0.46206896551724136,0.8375,234,39,201,326
0.2713689077551376,0.4631336405529954,0.8375,233,39,201,327
0.2714824657537908,0.46420323325635104,0.8375,232,39,201,328
0.2724016739981908,0.4652777777777778,0.8375,231,39,201,329
0.2739468603763238,0.46403712296983757,0.8333333333333334,231,40,200,329
0.27396662962690654,0.46511627906976744,0.8333333333333334,230,40,200,330
0.274023695844327,0.46386946386946387,0.8291666666666667,230,41,199,330
0.2742066869253823,0.46261682242990654,0.825,230,42,198,330
0.2747820309884991,0.4637002341920375,0.825,229,42,198,331
0.2757496568872798,0.4647887323943662,0.825,228,42,198,332
0.2765808294656665,0.46588235294117647,0.825,227,42,198,333
0.27672277284630126,0.46462264150943394,0.8208333333333333,227,43,197,333
0.2781432550739228,0.46335697399527187,0.8166666666666667,227,44,196,333
0.2782341563934116,0.46445497630331756,0.8166666666666667,226,44,196,334
0.2783143235579251,0.4655581947743468,0.8166666666666667,225,44,196,335
0.27836617890732757,0.4666666666666667,0.8166666666666667,224,44,196,336
0.27937003025140206,0.4677804295942721,0.8166666666666667,223,44,196,337
0.2807898343261876,0.4688995215311005,0.8166666666666667,222,44,196,338
0.2820394650495952,0.47002398081534774,0.8166666666666667,221,44,196,339
0.28302639074664554,0.46875,0.8125,221,45,195,339
0.2830733143899807,0.46987951807228917,0.8125,220,45,195,340
0.2831796643088286,0.47101449275362317,0.8125,219,45,195,341
0.2832001517009179,0.4721549636803874,0.8125,218,45,195,342
0.2836052303158802,0.4733009708737864,0.8125,217,45,195,343
0.2839664356737207,0.4744525547445255,0.8125,216,45,195,344
0.28406702763443853,0.47560975609756095,0.8125,215,45,195,345
0.285219760491402,0.4767726161369193,0.8125,214,45,195,346
0.2863429060024921,0.47794117647058826,0.8125,213,45,195,347
0.28708405474701565,0.47911547911547914,0.8125,212,45,195,348
0.28809839800606,0.4802955665024631,0.8125,211,45,195,349
0.28810379502570016,0.48148148148148145,0.8125,210,45,195,350
0.28851327691609574,0.4801980198019802,0.8083333333333333,210,46,194,350
0.2885697600868354,0.4813895781637717,0.8083333333333333,209,46,194,351
0.2892724128556023,0.48258706467661694,0.8083333333333333,208,46,194,352
0.2897900615054228,0.48129675810473815,0.8041666666666667,208,47,193,352
0.29045283508239605,0.48,0.8,208,48,192,352
0.2916040389877758,0.48120300751879697,0.8,207,48,192,353
0.2920344855129999,0.4824120603015075,0.8,206,48,192,354
0.29259238753497335,0.4836272040302267,0.8,205,48,192,355
0.2938152899159705,0.48484848484848486,0.8,204,48,192,356
0.2942515319321183,0.4860759493670886,0.8,203,48,192,357
0.2945286767894072,0.4873096446700508,0.8,202,48,192,358
0.2949698581166919,0.48854961832061067,0.8,201,48,192,359
0.295058194158906,0.4872448979591837,0.7958333333333333,201,49,191,359
0.2954808433625265,0.4884910485933504,0.7958333333333333,200,49,191,360
0.29612163183989093,0.4897435897435897,0.7958333333333333,199,49,191,361
0.29630996816830013,0.4910025706940874,0.7958333333333333,198,49,191,362
0.2977242739393806,0.49226804123711343,0.7958333333333333,197,49,191,363
0.2982653831672259,0.4935400516795866,0.7958333333333333,196,49,191,364
0.29951546576815435,0.49222797927461137,0.7916666666666666,196,50,190,364
0.30292134723542,0.4935064935064935,0.7916666666666666,195,50,190,365
0.3031849376332493,0.4947916666666667,0.7916666666666666,194,50,190,366
0.30333493185292654,0.4960835509138381,0.7916666666666666,193,50,190,367
0.3042024154419015,0.4973821989528796,0.7916666666666666,192,50,190,368
0.304253498083747,0.49868766404199477,0.7916666666666666,191,50,190,369
0.30462524026117793,0.5,0.7916666666666666,190,50,190,370
0.3047140881428568,0.5013192612137203,0.7916666666666666,189,50,190,371
0.3050385644787959,0.5026455026455027,0.7916666666666666,188,50,190,372
0.3054551043344326,0.5039787798408488,0.7916666666666666,187,50,190,373
0.30576544447012555,0.5053191489361702,0.7916666666666666,186,50,190,374
0.30657441952833636,0.5066666666666667,0.7916666666666666,185,50,190,375
0.3071076571361479,0.5053475935828877,0.7875,185,51,189,375
0.3081195000224875,0.5067024128686327,0.7875,184,51,189,376
0.3087287104987859,0.5053763440860215,0.7833333333333333,184,52,188,376
0.30932886171342555,0.5067385444743935,0.7833333333333333,183,52,188,377
0.31002602517526945,0.5054054054054054,0.7791666666666667,183,53,187,377
0.31073192204558664,0.5040650406504065,0.775,183,54,186,377
0.3135392260731166,0.5027173913043478,0.7708333333333334,183,55,185,377
0.3142864436756801,0.5040871934604905,0.7708333333333334,182,55,185,378
0.3144868985316413,0.505464480874317,0.7708333333333334,181,55,185,379
0.31505063825712953,0.5068493150684932,0.7708333333333334,180,55,185,380
0.3154241328183153,0.5082417582417582,0.7708333333333334,179,55,185,381
0.3161165617117164,0.509641873278237,0.7708333333333334,178,55,185,382
0.3173215502191794,0.5082872928176796,0.7666666666666667,178,56,184,382
0.3178050516537963,0.5069252077562327,0.7625,178,57,183,382
0.3178406517876041,0.5055555555555555,0.7583333333333333,178,58,182,382
0.3182070656844617,0.5069637883008357,0.7583333333333333,177,58,182,383
0.31848274558004785,0.5083798882681564,0.7583333333333333,176,58,182,384
0.3194912391118171,0.5098039215686274,0.7583333333333333,175,58,182,385
0.3200772686286412,0.5112359550561798,0.7583333333333333,174,58,182,386
0.32027211291477925,0.5126760563380282,0.7583333333333333,173,58,182,387
0.3223027971854263,0.5141242937853108,0.7583333333333333,172,58,182,388
0.3223422057929446,0.5155807365439093,0.7583333333333333,171,58,182,389
0.32304561800985987,0.5142045454545454,0.7541666666666667,171,59,181,389
0.3230877644440368,0.5156695156695157,0.7541666666666667,170,59,181,390
0.3235553563765417,0.5171428571428571,0.7541666666666667,169,59,181,391
0.32376471289646347,0.5186246418338109,0.7541666666666667,168,59,181,392
0.32385236893781977,0.5201149425287356,0.7541666666666667,167,59,181,393
0.32577147432053244,0.521613832853026,0.7541666666666667,166,59,181,394
0.32579758485326415,0.523121387283237,0.7541666666666667,165,59,181,395
0.3261411905244097,0.5246376811594203,0.7541666666666667,164,59,181,396
0.3266598964602742,0.5261627906976745,0.7541666666666667,163,59,181,397
0.32677827428891615,0.5247813411078717,0.75,163,60,180,397
0.3272144401732012,0.5263157894736842,0.75,162,60,180,398
0.3272517674034963,0.5278592375366569,0.75,161,60,180,399
0.3274503171229869,0.5294117647058824,0.75,160,60,180,400
0.32807891559403546,0.5309734513274337,0.75,159,60,180,401
0.329516469375695,0.5325443786982249,0.75,158,60,180,402
0.33104657886417027,0.5341246290801187,0.75,157,60,180,403
0.33115122734103086,0.5357142857142857,0.75,156,60,180,404
0.3314254249095337,0.5343283582089552,0.7458333333333333,156,61,179,404
0.33192598493445535,0.5359281437125748,0.7458333333333333,155,61,179,405
0.33212433465016544,0.5345345345345346,0.7416666666666667,155,62,178,405
0.3331774746189278,0.5331325301204819,0.7375,155,63,177,405
0.33336886787553766,0.5347432024169184,0.7375,154,63,177,406
0.3344160814177838,0.5363636363636364,0.7375,153,63,177,407
0.33459591552170354,0.5379939209726444,0.7375,152,63,177,408
0.33474104280041905,0.5365853658536586,0.7333333333333333,152,64,176,408
0.33496168344912736,0.5382262996941896,0.7333333333333333,151,64,176,409
0.3358802813014214,0.5398773006134969,0.7333333333333333,150,64,176,410
0.3360430691715717,0.5415384615384615,0.7333333333333333,149,64,176,411
0.33735733525838396,0.5432098765432098,0.7333333333333333,148,64,176,412
0.33752035002842784,0.544891640866873,0.7333333333333333,147,64,176,413
0.3378052218059993,0.546583850931677,0.7333333333333333,146,64,176,414
0.33858079508392397,0.5482866043613707,0.7333333333333333,145,64,176,415
0.34019850809869034,0.546875,0.7291666666666666,145,65,175,415
0.3406524396236257,0.5454545454545454,0.725,145,66,174,415
0.34067169848314677,0.5440251572327044,0.7208333333333333,145,67,173,415
0.34088681240128177,0.5457413249211357,0.7208333333333333,144,67,173,416
0.34090462888270323,0.5474683544303798,0.7208333333333333,143,67,173,417
0.34158261595852196,0.5492063492063493,0.7208333333333333,142,67,173,418
0.34160159677050284,0.5477707006369427,0.7166666666666667,142,68,172,418
0.34193732169728036,0.5463258785942492,0.7125,142,69,171,418
0.34333988624892625,0.5480769230769231,0.7125,141,69,171,419
0.3451127850089898,0.5498392282958199,0.7125,140,69,171,420
0.34579390663777454,0.5516129032258065,0.7125,139,69,171,421
0.34598321047276964,0.5501618122977346,0.7083333333333334,139,70,170,421
0.34649810706322265,0.551948051948052,0.7083333333333334,138,70,170,422
0.3471191915501066,0.5504885993485342,0.7041666666666667,138,71,169,422
0.34746380117530345,0.5522875816993464,0.7041666666666667,137,71,169,423
0.3475605719176901,0.5540983606557377,0.7041666666666667,136,71,169,424
0.3476236271374611,0.5526315789473685,0.7,136,72,168,424
0.34892427525808184,0.5544554455445545,0.7,135,72,168,425
0.34964443301583154,0.5562913907284768,0.7,134,72,168,426
0.3498219987258076,0.5548172757475083,0.6958333333333333,134,73,167,426
0.3505896629364459,0.5566666666666666,0.6958333333333333,133,73,167,427
0.3518305939031496,0.5585284280936454,0.6958333333333333,132,73,167,428
0.3521678417908472,0.5604026845637584,0.6958333333333333,131,73,167,429
0.352188748851279,0.5622895622895623,0.6958333333333333,130,73,167,430
0.3528090726086834,0.5641891891891891,0.6958333333333333,129,73,167,431
0.3544525627896949,0.5627118644067797,0.6916666666666667,129,74,166,431
0.35485968439164395,0.564625850340136,0.6916666666666667,128,74,166,432
0.3550776633275651,0.5665529010238908,0.6916666666666667,127,74,166,433
0.355595585523392,0.5684931506849316,0.6916666666666667,126,74,166,434
0.35773528684565065,0.570446735395189,0.6916666666666667,125,74,166,435
0.357912157980306,0.5689655172413793,0.6875,125,75,165,435
0.3583558567817465,0.5674740484429066,0.6833333333333333,125,76,164,435
0.35884139381926705,0.5694444444444444,0.6833333333333333,124,76,164,436
0.3589721665875689,0.5714285714285714,0.6833333333333333,123,76,164,437
0.3594321017319209,0.5734265734265734,0.6833333333333333,122,76,164,438
0.36011357132449423,0.5719298245614035,0.6791666666666667,122,77,163,438
0.36028448605260055,0.5704225352112676,0.675,122,78,162,438
0.36065628295005603,0.568904593639576,0.6708333333333333,122,79,161,438
0.36175944834803225,0.5709219858156028,0.6708333333333333,121,79,161,439
0.36188479923797523,0.5729537366548043,0.6708333333333333,120,79,161,440
0.36219371740880224,0.575,0.6708333333333333,119,79,161,441
0.36230426796998666,0.5770609318996416,0.6708333333333333,118,79,161,442
0.3630698009905286,0.579136690647482,0.6708333333333333,117,79,161,443
0.36451241839858,0.5776173285198556,0.6666666666666666,117,80,160,443
0.36458058335031956,0.5760869565217391,0.6625,117,81,159,443
0.3649160907513237,0.5745454545454546,0.6583333333333333,117,82,158,443
0.3653647083046987,0.572992700729927,0.6541666666666667,117,83,157,443
0.36600540014619043,0.575091575091575,0.6541666666666667,116,83,157,444
0.3669197887075864,0.5735294117647058,0.65,116,84,156,444
0.36694042016865797,0.5719557195571956,0.6458333333333334,116,85,155,444
0.3679158737512939,0.5703703703703704,0.6416666666666667,116,86,154,444
0.3683808440244138,0.5687732342007435,0.6375,116,87,153,444
0.3685309232303525,0.5671641791044776,0.6333333333333333,116,88,152,444
0.3699602042804965,0.5655430711610487,0.6291666666666667,116,89,151,444
0.3701180535588531,0.5639097744360902,0.625,116,90,150,444
0.37076866055987007,0.5660377358490566,0.625,115,90,150,445
0.3718727561177797,0.5643939393939394,0.6208333333333333,115,91,149,445
0.3719643934595063,0.5665399239543726,0.6208333333333333,114,91,149,446
0.3733659397905178,0.5648854961832062,0.6166666666666667,114,92,148,446
0.3739455606313414,0.5670498084291188,0.6166666666666667,113,92,148,447
0.37446702773689033,0.5653846153846154,0.6125,113,93,147,447
0.37755565442866523,0.5675675675675675,0.6125,112,93,147,448
0.37771115181895987,0.5658914728682171,0.6083333333333333,112,94,146,448
0.377834415679383,0.5642023346303502,0.6041666666666666,112,95,145,448
0.37794135731456446,0.56640625,0.6041666666666666,111,95,145,449
0.3787882271218575,0.5686274509803921,0.6041666666666666,110,95,145,450
0.378791870498559,0.5708661417322834,0.6041666666666666,109,95,145,451
0.37911081611473985,0.5691699604743083,0.6,109,96,144,451
0.3795063755511971,0.5674603174603174,0.5958333333333333,109,97,143,451
0.3798353213350015,0.5657370517928287,0.5916666666666667,109,98,142,451
0.38028786256946756,0.568,0.5916666666666667,108,98,142,452
0.3807906427073338,0.5662650602409639,0.5875,108,99,141,452
0.38177557695940895,0.5685483870967742,0.5875,107,99,141,453
0.38212269882165234,0.5708502024291497,0.5875,106,99,141,454
0.38227023467504284,0.573170731707317,0.5875,105,99,141,455
0.3828641860050356,0.5755102040816327,0.5875,104,99,141,456
0.38463188390176106,0.5737704918032787,0.5833333333333334,104,100,140,456
0.3856034465949853,0.5720164609053497,0.5791666666666667,104,101,139,456
0.386251762696763,0.5702479338842975,0.575,104,102,138,456
0.38669487639337735,0.5726141078838174,0.575,103,102,138,457
0.387259184896594,0.575,0.575,102,102,138,458
0.3896261444852117,0.5732217573221757,0.5708333333333333,102,103,137,458
0.39104422717370646,0.5756302521008403,0.5708333333333333,101,103,137,459
0.3910914450126044,0.5780590717299579,0.5708333333333333,100,103,137,460
0.39156547565520006,0.5805084745762712,0.5708333333333333,99,103,137,461
0.3938100372655344,0.5787234042553191,0.5666666666666667,99,104,136,461
0.39463694126674187,0.5769230769230769,0.5625,99,105,135,461
0.39509371723346665,0.5793991416309013,0.5625,98,105,135,462
0.3970842985214223,0.5818965517241379,0.5625,97,105,135,463
0.3971066641031084,0.5800865800865801,0.5583333333333333,97,106,134,463
0.3978256609549626,0.5826086956521739,0.5583333333333333,96,106,134,464
0.39850490202803307,0.5807860262008734,0.5541666666666667,96,107,133,464
0.39855170462312023,0.5833333333333334,0.5541666666666667,95,107,133,465
0.39902323926519156,0.5814977973568282,0.55,95,108,132,465
0.3991354017410754,0.5796460176991151,0.5458333333333333,95,109,131,465
0.3994467853308819,0.5777777777777777,0.5416666666666666,95,110,130,465
0.4005761011304136,0.5758928571428571,0.5375,95,111,129,465
0.40095960923918667,0.5739910313901345,0.5333333333333333,95,112,128,465
0.4027123601218961,0.5720720720720721,0.5291666666666667,95,113,127,465
0.4027220772905727,0.5746606334841629,0.5291666666666667,94,113,127,466
0.40281019713206895,0.5772727272727273,0.5291666666666667,93,113,127,467
0.4029975909492878,0.5799086757990868,0.5291666666666667,92,113,127,468
0.4032861561508056,0.5825688073394495,0.5291666666666667,91,113,127,469
0.4040121264592753,0.5852534562211982,0.5291666666666667,90,113,127,470
0.40404335766678406,0.5833333333333334,0.525,90,114,126,470
0.4045897443028985,0.5813953488372093,0.5208333333333334,90,115,125,470
0.4051962743577056,0.5794392523364486,0.5166666666666667,90,116,124,470
0.4053522984183064,0.5821596244131455,0.5166666666666667,89,116,124,471
0.40541818288121634,0.5801886792452831,0.5125,89,117,123,471
0.4061488599704736,0.5829383886255924,0.5125,88,117,123,472
0.40677797797862897,0.5857142857142857,0.5125,87,117,123,473
0.40703975691003136,0.5885167464114832,0.5125,86,117,123,474
0.40748516818487407,0.5865384615384616,0.5083333333333333,86,118,122,474
0.40854020786164763,0.5845410628019324,0.5041666666666667,86,119,121,474
0.40859484547906033,0.587378640776699,0.5041666666666667,85,119,121,475
0.40880712725460155,0.5853658536585366,0.5,85,120,120,475
0.40954490579372216,0.5882352941176471,0.5,84,120,120,476
0.4116528149108425,0.5911330049261084,0.5,83,120,120,477
0.4118779109321271,0.594059405940594,0.5,82,120,120,478
0.41288996316081467,0.5970149253731343,0.5,81,120,120,479
0.4134090893182397,0.595,0.49583333333333335,81,121,119,479
0.4136228901905598,0.592964824120603,0.49166666666666664,81,122,118,479
0.4137773662078139,0.5909090909090909,0.4875,81,123,117,479
0.42081128793672223,0.5888324873096447,0.48333333333333334,81,124,116,479
0.4210913117615686,0.5867346938775511,0.4791666666666667,81,125,115,479
0.42114912562231377,0.5846153846153846,0.475,81,126,114,479
0.42219154583928054,0.5876288659793815,0.475,80,126,114,480
0.422265805711972,0.5854922279792746,0.4708333333333333,80,127,113,480
0.42237568966458394,0.5885416666666666,0.4708333333333333,79,127,113,481
0.4238379780642552,0.5916230366492147,0.4708333333333333,78,127,113,482
0.42592260293056566,0.5947368421052631,0.4708333333333333,77,127,113,483
0.42777479681516173,0.5978835978835979,0.4708333333333333,76,127,113,484
0.4290610983187194,0.601063829787234,0.4708333333333333,75,127,113,485
0.42984591486078555,0.5989304812834224,0.4666666666666667,75,128,112,485
0.429883702929063,0.6021505376344086,0.4666666666666667,74,128,112,486
0.43043879717332045,0.6054054054054054,0.4666666666666667,73,128,112,487
0.4315795715348175,0.6032608695652174,0.4625,73,129,111,487
0.4317964968717203,0.6010928961748634,0.4583333333333333,73,130,110,487
0.43215560150708393,0.6043956043956044,0.4583333333333333,72,130,110,488
0.4325745448625749,0.6022099447513812,0.45416666666666666,72,131,109,488
0.43289199013878527,0.6055555555555555,0.45416666666666666,71,131,109,489
0.43344791809352495,0.6033519553072626,0.45,71,132,108,489
0.43350370536598104,0.601123595505618,0.44583333333333336,71,133,107,489
0.4338575216994017,0.6045197740112994,0.44583333333333336,70,133,107,490
0.4340567568095202,0.6079545454545454,0.44583333333333336,69,133,107,491
0.4389122226999244,0.6114285714285714,0.44583333333333336,68,133,107,492
0.439074611955702,0.6149425287356322,0.44583333333333336,67,133,107,493
0.44031752430136556,0.6127167630057804,0.44166666666666665,67,134,106,493
0.44082764327316476,0.6104651162790697,0.4375,67,135,105,493
0.44092138081234517,0.6081871345029239,0.43333333333333335,67,136,104,493
0.44291027445233927,0.6058823529411764,0.42916666666666664,67,137,103,493
0.443974036332084,0.6035502958579881,0.425,67,138,102,493
0.44493081311439087,0.6071428571428571,0.425,66,138,102,494
0.44606937569298427,0.6047904191616766,0.42083333333333334,66,139,101,494
0.44646267180303795,0.608433734939759,0.42083333333333334,65,139,101,495
0.44792981684983435,0.6121212121212121,0.42083333333333334,64,139,101,496
0.4482751154312438,0.6158536585365854,0.42083333333333334,63,139,101,497
0.4482925455951585,0.6134969325153374,0.4166666666666667,63,140,100,497
0.4489076749603383,0.6172839506172839,0.4166666666666667,62,140,100,498
0.4495919063661187,0.6149068322981367,0.4125,62,141,99,498
0.4503139227741956,0.6125,0.4083333333333333,62,142,98,498
0.4505101626947529,0.6163522012578616,0.4083333333333333,61,142,98,499
0.45173817808430633,0.620253164556962,0.4083333333333333,60,142,98,500
0.452791876582478,0.6178343949044586,0.4041666666666667,60,143,97,500
0.45642331072563325,0.6153846153846154,0.4,60,144,96,500
0.4564743758592284,0.6193548387096774,0.4,59,144,96,501
0.456827014474627,0.6233766233766234,0.4,58,144,96,502
0.4568407076955567,0.6274509803921569,0.4,57,144,96,503
0.4586345490980093,0.625,0.3958333333333333,57,145,95,503
0.4612900319665009,0.6225165562913907,0.39166666666666666,57,146,94,503
0.4619953746815414,0.62,0.3875,57,147,93,503
0.46265478579031627,0.6174496644295302,0.38333333333333336,57,148,92,503
0.46270122262121965,0.6148648648648649,0.37916666666666665,57,149,91,503
0.46371695984816214,0.6190476190476191,0.37916666666666665,56,149,91,504
0.46437890629688044,0.6164383561643836,0.375,56,150,90,504
0.46928096265446895,0.6137931034482759,0.37083333333333335,56,151,89,504
0.46972664035652023,0.6111111111111112,0.36666666666666664,56,152,88,504
0.469922374287002,0.6083916083916084,0.3625,56,153,87,504
0.4702731790694709,0.6126760563380281,0.3625,55,153,87,505
0.47086692372174327,0.6099290780141844,0.35833333333333334,55,154,86,505
0.4717793913618629,0.6071428571428571,0.3541666666666667,55,155,85,505
0.4720928778775715,0.60431654676259,0.35,55,156,84,505
0.4734562372795242,0.6086956521739131,0.35,54,156,84,506
0.4752864816523957,0.6058394160583942,0.3458333333333333,54,157,83,506
0.4757441897819722,0.6102941176470589,0.3458333333333333,53,157,83,507
0.47828518395559755,0.6148148148148148,0.3458333333333333,52,157,83,508
0.4789458727766966,0.6194029850746269,0.3458333333333333,51,157,83,509
0.47993897713566597,0.6240601503759399,0.3458333333333333,50,157,83,510
0.48017295366851265,0.6212121212121212,0.3416666666666667,50,158,82,510
0.4809444187084957,0.6183206106870229,0.3375,50,159,81,510
0.48423324402060175,0.6230769230769231,0.3375,49,159,81,511
0.4843253418563763,0.6201550387596899,0.3333333333333333,49,160,80,511
0.4853534580492742,0.6171875,0.32916666666666666,49,161,79,511
0.48672164703879267,0.6220472440944882,0.32916666666666666,48,161,79,512
0.4893137789684751,0.626984126984127,0.32916666666666666,47,161,79,513
0.49195939992372184,0.624,0.325,47,162,78,513
0.49228966128314366,0.6209677419354839,0.32083333333333336,47,163,77,513
0.49274738879710156,0.6178861788617886,0.31666666666666665,47,164,76,513
0.4933036208904062,0.6147540983606558,0.3125,47,165,75,513
0.4943135062561494,0.6198347107438017,0.3125,46,165,75,514
0.49499914103514797,0.6166666666666667,0.30833333333333335,46,166,74,514
0.4952166891809013,0.6218487394957983,0.30833333333333335,45,166,74,515
0.4967430651188532,0.6271186440677966,0.30833333333333335,44,166,74,516
0.4970186357520315,0.6239316239316239,0.30416666666666664,44,167,73,516
0.49889879370303036,0.6293103448275862,0.30416666666666664,43,167,73,517
0.5001771366337887,0.6260869565217392,0.3,43,168,72,517
0.5003910984822775,0.6228070175438597,0.29583333333333334,43,169,71,517
0.5011981206714599,0.6283185840707964,0.29583333333333334,42,169,71,518
0.5015717717718001,0.6339285714285714,0.29583333333333334,41,169,71,519
0.5020478602825178,0.6396396396396397,0.29583333333333334,40,169,71,520
0.5022472269605892,0.6454545454545455,0.29583333333333334,39,169,71,521
0.5043492649968855,0.6513761467889908,0.29583333333333334,38,169,71,522
0.5052054185092875,0.6481481481481481,0.2916666666666667,38,170,70,522
0.5053399259369709,0.6448598130841121,0.2875,38,171,69,522
0.5059396245410178,0.6415094339622641,0.2833333333333333,38,172,68,522
0.5075910505063074,0.6476190476190476,0.2833333333333333,37,172,68,523
0.5092762857400069,0.6442307692307693,0.2791666666666667,37,173,67,523
0.509406019927425,0.6504854368932039,0.2791666666666667,36,173,67,524
0.5096451931198506,0.6470588235294118,0.275,36,174,66,524
0.509874846483295,0.6435643564356436,0.2708333333333333,36,175,65,524
0.5115252093584306,0.65,0.2708333333333333,35,175,65,525
0.5119329720292675,0.6464646464646465,0.26666666666666666,35,176,64,525
0.5122839272206821,0.6530612244897959,0.26666666666666666,34,176,64,526
0.5132982965285703,0.6597938144329897,0.26666666666666666,33,176,64,527
0.513962084941964,0.65625,0.2625,33,177,63,527
0.5154205006513034,0.6526315789473685,0.25833333333333336,33,178,62,527
0.5164194054780531,0.6595744680851063,0.25833333333333336,32,178,62,528
0.5169064812754985,0.6666666666666666,0.25833333333333336,31,178,62,529
0.5176315223682061,0.6739130434782609,0.25833333333333336,30,178,62,530
0.5191692354709446,0.6813186813186813,0.25833333333333336,29,178,62,531
0.5202764986569636,0.6777777777777778,0.25416666666666665,29,179,61,531
0.522171780146588,0.6741573033707865,0.25,29,180,60,531
0.5250391198537472,0.6704545454545454,0.24583333333333332,29,181,59,531
0.5257116231189422,0.6781609195402298,0.24583333333333332,28,181,59,532
0.5265760256362447,0.6744186046511628,0.24166666666666667,28,182,58,532
0.527939396342746,0.6705882352941176,0.2375,28,183,57,532
0.5292231411957465,0.6666666666666666,0.23333333333333334,28,184,56,532
0.5297687262192157,0.6626506024096386,0.22916666666666666,28,185,55,532
0.5299833005027744,0.6707317073170732,0.22916666666666666,27,185,55,533
0.5307277160902778,0.6666666666666666,0.225,27,186,54,533
0.5307513635809307,0.675,0.225,26,186,54,534
0.5311340489339179,0.6708860759493671,0.22083333333333333,26,187,53,534
0.5322971375504035,0.6666666666666666,0.21666666666666667,26,188,52,534
0.5330164078197431,0.6623376623376623,0.2125,26,189,51,534
0.5335068984913669,0.6710526315789473,0.2125,25,189,51,535
0.533734872129896,0.6666666666666666,0.20833333333333334,25,190,50,535
0.5342839223714131,0.6621621621621622,0.20416666666666666,25,191,49,535
0.5356128145923811,0.6712328767123288,0.20416666666666666,24,191,49,536
0.5413188622523674,0.6805555555555556,0.20416666666666666,23,191,49,537
0.5443248123332863,0.676056338028169,0.2,23,192,48,537
0.5445776418879406,0.6714285714285714,0.19583333333333333,23,193,47,537
0.5460700400209665,0.6811594202898551,0.19583333333333333,22,193,47,538
0.5464021137363568,0.6764705882352942,0.19166666666666668,22,194,46,538
0.54651941871723,0.6865671641791045,0.19166666666666668,21,194,46,539
0.5513191399634145,0.6818181818181818,0.1875,21,195,45,539
0.5526058984196702,0.6923076923076923,0.1875,20,195,45,540
0.5543601510756746,0.703125,0.1875,19,195,45,541
0.5561486161689738,0.6984126984126984,0.18333333333333332,19,196,44,541
0.5570179133436687,0.6935483870967742,0.17916666666666667,19,197,43,541
0.5580674337058326,0.6885245901639344,0.175,19,198,42,541
0.5606251525592281,0.6833333333333333,0.17083333333333334,19,199,41,541
0.5615003822599615,0.6779661016949152,0.16666666666666666,19,200,40,541
0.564325514183234,0.6724137931034483,0.1625,19,201,39,541
0.5677884751843042,0.6842105263157895,0.1625,18,201,39,542
0.5681539041654431,0.6785714285714286,0.15833333333333333,18,202,38,542
0.5706561499289597,0.6909090909090909,0.15833333333333333,17,202,38,543
0.5708655152544704,0.6851851851851852,0.15416666666666667,17,203,37,543
0.5710880355493432,0.6792452830188679,0.15,17,204,36,543
0.5718288084792646,0.6730769230769231,0.14583333333333334,17,205,35,543
0.5743297404981635,0.6862745098039216,0.14583333333333334,16,205,35,544
0.5749323664020966,0.68,0.14166666666666666,16,206,34,544
0.5780637021365477,0.6938775510204082,0.14166666666666666,15,206,34,545
0.5799365235563183,0.6875,0.1375,15,207,33,545
0.5812984894194427,0.6808510638297872,0.13333333333333333,15,208,32,545
0.5817443611757368,0.6739130434782609,0.12916666666666668,15,209,31,545
0.5869416919827548,0.6666666666666666,0.125,15,210,30,545
0.5870888330319212,0.6590909090909091,0.12083333333333333,15,211,29,545
0.587216411130897,0.6744186046511628,0.12083333333333333,14,211,29,546
0.5903343184591593,0.6666666666666666,0.11666666666666667,14,212,28,546
0.590768767790642,0.6585365853658537,0.1125,14,213,27,546
0.5911668357205361,0.65,0.10833333333333334,14,214,26,546
0.5988458532120442,0.6410256410256411,0.10416666666666667,14,215,25,546
0.6044116270235439,0.6578947368421053,0.10416666666666667,13,215,25,547
0.6090085545301389,0.6756756756756757,0.10416666666666667,12,215,25,548
0.6099297209071659,0.6666666666666666,0.1,12,216,24,548
0.6112742063879981,0.6857142857142857,0.1,11,216,24,549
0.6234979662945518,0.6764705882352942,0.09583333333333334,11,217,23,549
0.623659259797632,0.696969696969697,0.09583333333333334,10,217,23,550
0.6241872175942004,0.6875,0.09166666666666666,10,218,22,550
0.6247476630898666,0.6774193548387096,0.0875,10,219,21,550
0.6269042174681038,0.6666666666666666,0.08333333333333333,10,220,20,550
0.6338051262348557,0.6551724137931034,0.07916666666666666,10,221,19,550
0.6359584641526151,0.6785714285714286,0.07916666666666666,9,221,19,551
0.6375202907610674,0.7037037037037037,0.07916666666666666,8,221,19,552
0.6413039994473064,0.6923076923076923,0.075,8,222,18,552
0.641776619435338,0.72,0.075,7,222,18,553
0.6441377181851978,0.75,0.075,6,222,18,554
0.6445717831378419,0.7391304347826086,0.07083333333333333,6,223,17,554
0.6471481851673682,0.7272727272727273,0.06666666666666667,6,224,16,554
0.6475762520240514,0.7142857142857143,0.0625,6,225,15,554
0.650068205306555,0.75,0.0625,5,225,15,555
0.6542064739997016,0.7368421052631579,0.058333333333333334,5,226,14,555
0.6554217604236523,0.7777777777777778,0.058333333333333334,4,226,14,556
0.6590198293152896,0.8235294117647058,0.058333333333333334,3,226,14,557
0.661874078147962,0.8125,0.05416666666666667,3,227,13,557
0.6628382478620065,0.8,0.05,3,228,12,557
0.6756940655179431,0.7857142857142857,0.04583333333333333,3,229,11,557
0.6876022910938494,0.7692307692307693,0.041666666666666664,3,230,10,557
0.6908778258298576,0.75,0.0375,3,231,9,557
0.6928278393193658,0.7272727272727273,0.03333333333333333,3,232,8,557
0.6964118927366205,0.8,0.03333333333333333,2,232,8,558
0.6998288850170242,0.7777777777777778,0.029166666666666667,2,233,7,558
0.7133551166984655,0.875,0.029166666666666667,1,233,7,559
0.7386730732441691,0.8571428571428571,0.025,1,234,6,559
0.7656894901142862,1.0,0.025,0,234,6,560
0.7750745213973783,1.0,0.020833333333333332,0,235,5,560
0.7837748365572877,1.0,0.016666666666666666,0,236,4,560
0.789511548776028,1.0,0.0125,0,237,3,560
0.7961094526800041,1.0,0.008333333333333333,0,238,2,560
0.8639114488369353,1.0,0.004166666666666667,0,239,1,560
1.0,0.0,0.0,0,240,0,560
